0.1880134,0.5458857,3.473927
0.2037817,0.8211931999999998,3.377943
0.158629,0.9538087,3.337856
0.07134152,0.7425069999999999,3.537976
0.07297091,0.4885161,3.6189459999999998
0.03979431,0.2669857,3.645777
0.03287651,0.1780404,3.665125
0.32759340000000003,0.7026960999999999,3.326623
0.3723013,0.45645990000000003,3.3615209999999998
0.3308738,0.222937,3.3634779999999997
0.3081031,0.13788620000000001,3.3757050000000004
0.1147387,0.2743422,3.5651870000000003
0.1779882,-0.1323626,3.6931559999999997
0.2187976,-0.4321425999999999,3.8163300000000002
0.2028559,-0.5283778,3.781077
0.2229998,0.2488455,3.4861739999999997
0.275919,-0.1477329,3.63155
0.31993649999999996,-0.4293181,3.765195
0.25903000000000004,-0.5288552,3.748793
0.20002620000000002,0.7533692,3.4039870000000003
0.02957126,0.11001780000000001,3.6816199999999997
0.04821161,0.1561361,3.631869
0.30267009999999994,0.06371589,3.380347
0.271905,0.1615412,3.363154
0.1875203,0.5459002,3.474304
0.2032309,0.8213688,3.378016
0.1584616,0.9539632,3.337994
0.07184529,0.7403607,3.5361059999999997
0.07282797,0.4887045999999999,3.6190279999999997
0.03943955,0.2672594,3.6461650000000003
0.03300013,0.1775943,3.6614800000000014
0.3275165,0.7026647,3.326631
0.3719497000000001,0.4556553,3.361871
0.33129780000000003,0.2229576,3.3641980000000005
0.3109725,0.1323341,3.377871
0.1142493,0.27431669999999997,3.565895
0.1778145,-0.13062490000000002,3.6909680000000002
0.21873249999999997,-0.4328156,3.8174550000000003
0.2026113,-0.528995,3.781447
0.2226721,0.24840610000000002,3.487435
0.2742705,-0.1499818,3.634845
0.2907993,-0.4739954000000001,3.789994
0.2439203,-0.559515,3.743853
0.1995021,0.753502,3.404126
0.02957616,0.10999020000000001,3.68062
0.05140273,0.17031429999999995,3.617182
0.29800879999999996,0.06388876,3.3813980000000003
0.2739652,0.1452177,3.379778
0.1875206,0.5459024,3.4742040000000003
0.20309549999999998,0.8214771000000001,3.37744
0.1582866,0.954262,3.338369
0.07182652,0.7404824000000001,3.5359870000000004
0.07271753,0.48937420000000004,3.6186809999999996
0.03952181,0.2678609,3.6456
0.03192302,0.1726282,3.665707
0.327121,0.7024474,3.326459
0.3715481,0.45442570000000004,3.362231
0.3330215,0.2243877,3.364821
0.3136064,0.13633499999999998,3.380292
0.1143854,0.2742281,3.5658800000000004
0.1794604,-0.135107,3.6924230000000002
0.21849369999999999,-0.43121679999999996,3.817097
0.20571279999999997,-0.5277761999999999,3.7798550000000004
0.2227681,0.2483973,3.487543
0.2746537,-0.14966,3.635061
0.2890537,-0.47381179999999995,3.789995
0.24509029999999998,-0.5606386999999999,3.743372
0.19941129999999999,0.7535731999999999,3.4037019999999996
0.02961898,0.1089114,3.690349
0.04961473,0.16080770000000005,3.624876
0.3096683,0.06531407,3.3936900000000003
0.28203649999999997,0.15534320000000001,3.372588
0.187549,0.5457954,3.474175
0.203104,0.8212816999999999,3.377393
0.1580066,0.9541359,3.338483
0.07190866,0.7404295,3.535886
0.07217325,0.48202259999999997,3.622437
0.03817281,0.2602986,3.64722
0.03135316,0.175763,3.666754
0.3269282,0.7022658,3.326485
0.37134609999999996,0.45342479999999996,3.3628120000000004
0.33396909999999996,0.22473320000000002,3.365876
0.3127209,0.1380668,3.3793589999999996
0.11449460000000004,0.2740735,3.5658300000000005
0.1792417,-0.1347273,3.6923559999999997
0.218979,-0.4345012,3.8201110000000003
0.2050614,-0.5307156,3.7799169999999997
0.2228589,0.24838339999999998,3.4875730000000003
0.272712,-0.15111739999999999,3.637629
0.2812065,-0.4805149,3.7917730000000014
0.2437705,-0.5692654,3.741161
0.1994231,0.7534039,3.403656
0.03294485,0.1093493,3.677191000000001
0.04628266,0.1404061,3.636875
0.3089688,0.06516778,3.386054
0.2747417,0.15164660000000002,3.3728309999999997
0.18740620000000002,0.5457404,3.473735
0.20289079999999998,0.8212904000000001,3.376923
0.1575598,0.9540366,3.3380919999999996
0.0717914,0.7404318,3.535786
0.07205466,0.4816224,3.621579
0.03802813,0.25990660000000004,3.646382
0.03160203,0.17884260000000002,3.663817
0.3265132,0.7020065,3.326085
0.3709667,0.4521704000000001,3.3627019999999996
0.3341587,0.22466620000000004,3.3659559999999997
0.31361059999999996,0.1363883,3.3770230000000003
0.1145443,0.2739546,3.565147
0.17794089999999999,-0.1326899,3.6913150000000003
0.2233569,-0.42781359999999996,3.815632
0.2073362,-0.5240352,3.779151
0.2228325,0.2483078,3.4874410000000005
0.2702383,-0.13088930000000001,3.619971
0.28037690000000004,-0.4784076,3.786572
0.244511,-0.5692964,3.747471
0.19922060000000005,0.7533973,3.4031830000000003
0.02809165,0.1121488,3.6955989999999996
0.0518356,0.1698839,3.620833
0.30458240000000003,0.06428293,3.3838730000000004
0.2789448,0.15827049999999998,3.3790910000000003
0.18703,0.5455993,3.4743699999999995
0.2022868,0.8206779000000001,3.378276
0.1571401,0.9537045,3.338517
0.07178853,0.740413,3.53579
0.07180662,0.47887559999999996,3.6221620000000003
0.03756403,0.2571781,3.6468199999999995
0.03135861,0.17009839999999998,3.666807
0.32595159999999995,0.7021029999999999,3.326164
0.37105429999999995,0.45191899999999996,3.362999
0.3362272,0.22576010000000002,3.3657790000000003
0.3171167,0.13613150000000002,3.3841059999999996
0.1143817,0.2740413,3.5653370000000004
0.177833,-0.13294560000000002,3.6921370000000002
0.22000709999999998,-0.4314829000000001,3.8257480000000004
0.2035882,-0.5271763,3.783168
0.2226779,0.24841100000000002,3.487779
0.2713732,-0.1331995,3.6212199999999997
0.27975859999999997,-0.48053009999999996,3.7873059999999996
0.23386479999999996,-0.5672095,3.747784
0.1986729,0.7529304,3.404315
0.03172766,0.1007197,3.683192
0.04541161,0.1361331,3.640182
0.30910079999999995,0.06519759,3.387508
0.28354159999999995,0.10850430000000001,3.368143
0.18693289999999999,0.545467,3.474504
0.20206459999999998,0.8205326999999999,3.378461
0.1570809,0.9537136,3.338566
0.07196838,0.7399965999999999,3.535814
0.07259466,0.4817848,3.621658
0.03791355,0.26023609999999997,3.646866
0.03277468,0.1753782,3.6670300000000013
0.3257958,0.7019178,3.3262099999999997
0.3711171,0.45204849999999996,3.3629510000000002
0.33684949999999997,0.22558320000000004,3.366182
0.3141075,0.1362109,3.380882
0.11438,0.2740067,3.565372
0.1795038,-0.1359476,3.695667
0.21982070000000006,-0.4317718,3.824877
0.2053748,-0.5273608,3.7791910000000004
0.22277039999999998,0.2481788,3.487996
0.2733565,-0.137402,3.626319
0.2798187,-0.4805864,3.7873370000000004
0.24007620000000002,-0.5696296999999999,3.744351
0.19848179999999999,0.752786,3.404487
0.03238577,0.10845439999999999,3.677191000000001
0.05354045,0.1572511,3.623625
0.3115387,0.06553043,3.38656
0.2793552,0.1554306,3.373072
0.1869735,0.5454375,3.474508
0.2020761,0.8205684000000001,3.3784650000000003
0.15679379999999998,0.9538696,3.339368
0.07186571,0.7398176,3.535969
0.07260939,0.4836567,3.6209620000000013
0.03799298,0.2622027,3.646836
0.03144942,0.1775388,3.6672019999999996
0.3256408,0.7020135999999999,3.32665
0.3715447,0.45186590000000004,3.3646089999999997
0.3373514,0.22528099999999998,3.367801
0.31540830000000003,0.1379641,3.3862349999999997
0.11461769999999999,0.273741,3.5653349999999997
0.179874,-0.13676629999999998,3.696596
0.22082929999999998,-0.4322795999999999,3.8220940000000003
0.20554789999999998,-0.5280916999999999,3.7791980000000014
0.22300189999999998,0.2479709,3.4880430000000002
0.275983,-0.1423647,3.6286440000000004
0.2800488,-0.4804630999999999,3.7872440000000003
0.2368927,-0.5681856,3.745332
0.198493,0.7527997,3.40449
0.03248093,0.111578,3.6854769999999997
0.05303046,0.1547711,3.634461
0.3111781,0.06544856,3.3824769999999997
0.285181,0.1656625,3.384235
0.186782,0.545478,3.4749209999999997
0.2014888,0.8206062,3.3793379999999997
0.1565891,0.9537068999999999,3.339254
0.07185266,0.7396796999999999,3.535856
0.07243010000000001,0.48220820000000003,3.621154
0.03768013,0.2607656,3.646943
0.03112979,0.17626170000000002,3.662326
0.3254867,0.7021469,3.3268
0.3716756,0.45213729999999996,3.364722
0.3372603,0.223892,3.3687449999999997
0.315678,0.1379128,3.382429
0.114603,0.2737655,3.565438
0.1807117000000001,-0.1386226,3.696395
0.21931620000000002,-0.46284030000000004,3.8214690000000004
0.19860239999999998,-0.5576302,3.779786
0.2231232,0.2480841,3.4882720000000003
0.27670290000000003,-0.1444231,3.6306559999999997
0.275879,-0.48137840000000004,3.789979
0.23980879999999996,-0.5713069000000001,3.7433370000000004
0.1980178,0.752838,3.405232
0.02999475,0.1100375,3.676747
0.04856336,0.1321456,3.642111
0.3123013,0.06572288,3.391253
0.2772329,0.14425860000000001,3.37725
0.18669029999999998,0.5455694000000001,3.474882
0.2011748,0.820752,3.379443
0.15632910000000005,0.9537785,3.339293
0.07153454,0.7407916,3.5361809999999996
0.07237871,0.48128409999999994,3.6210150000000003
0.03749263,0.2598478,3.646697
0.03097538,0.1743354,3.663718
0.32522929999999994,0.7022395,3.326802
0.372447,0.4523075,3.3654949999999997
0.3369937,0.2246098,3.3685379999999996
0.3115427,0.13772720000000002,3.3798690000000002
0.1146537,0.2738549000000001,3.565328
0.17980510000000002,-0.13737939999999998,3.695905
0.224373,-0.44373909999999994,3.820155
0.20333120000000002,-0.5388421,3.7809839999999997
0.22320779999999998,0.2483496,3.4879
0.2783573,-0.1335568,3.6201480000000004
0.27045549999999996,-0.48060600000000003,3.795326
0.2471498,-0.5721813,3.7387449999999998
0.1977724,0.7529669,3.4052879999999996
0.02522924,0.11002730000000001,3.6816199999999997
0.04970838,0.14173770000000002,3.631037
0.307327,0.0657038,3.3908169999999997
0.2799546,0.151758,3.3647139999999998
0.18668610000000002,0.5455166,3.47494
0.2010875,0.8205448000000001,3.3799930000000002
0.15631889999999998,0.9536519,3.3396980000000003
0.07162481,0.7407748000000001,3.5362720000000003
0.07236228,0.4827879,3.622415
0.03715307,0.26137489999999997,3.6479489999999997
0.03051985,0.1762372,3.670088
0.32460159999999993,0.7024828000000001,3.327671
0.3748214,0.4534626,3.3670730000000004
0.3363273,0.225528,3.369261
0.306562,0.1351859,3.3835480000000002
0.1146516,0.2738204,3.56534
0.18008770000000002,-0.1374869,3.696039
0.21654020000000002,-0.4601036,3.819667
0.20274170000000002,-0.5560314000000001,3.7784730000000004
0.22352870000000002,0.2483835,3.4873510000000003
0.27863459999999995,-0.1421925,3.627108
0.292601,-0.4738906,3.7830190000000004
0.2424672,-0.5587970999999999,3.748415
0.1977089,0.7528045999999999,3.405672
0.02958193,0.1099777,3.6803339999999998
0.04905323,0.15678370000000005,3.633143
0.2961707,0.06446459,3.3931489999999997
0.2722127,0.1368983,3.3684550000000004
0.18588729999999998,0.5460505,3.4755160000000003
0.2010021,0.8206099,3.379925
0.15602670000000002,0.9538056,3.3401050000000003
0.0710164,0.7424436,3.537933
0.07239848,0.48297690000000004,3.6227160000000014
0.0371175,0.2615507,3.648103
0.03113788,0.17774500000000001,3.6638900000000003
0.3242991,0.7025164,3.327604
0.37847770000000003,0.45711430000000003,3.36864
0.33152929999999997,0.2239614,3.3665550000000004
0.2951513,0.1387451,3.374932
0.1121127,0.27610609999999997,3.567628
0.1780935,-0.1320512,3.693081
0.2185837,-0.44830180000000003,3.815603
0.20987150000000002,-0.5448933000000001,3.7754489999999996
0.22152800000000009,0.249546,3.4898510000000003
0.2772144,-0.14414029999999994,3.632488
0.292624,-0.47327250000000004,3.783699
0.2435136,-0.5587094,3.7485489999999997
0.19753679999999998,0.7529235,3.405673
0.02954866,0.10996210000000001,3.679477
0.05300028,0.1671616,3.611286
0.2832676,0.06465118,3.3804019999999997
0.2632111,0.1584504,3.3604160000000003
0.1852675,0.5464625,3.4758970000000002
0.2009868,0.8206146000000001,3.3799379999999997
0.15593020000000002,0.9538164000000001,3.3398760000000003
0.07091205,0.7422668,3.5375870000000003
0.07205109,0.4887970999999999,3.619654
0.03618482,0.26720559999999993,3.64356
0.027619,0.1772162,3.66431
0.32410700000000003,0.7025465,3.3273989999999998
0.3811854,0.4585416,3.3689519999999997
0.30832600000000004,0.21941729999999998,3.3601339999999995
0.2624708,0.1467675,3.36176
0.1103425,0.27741609999999994,3.5687050000000005
0.1790931,-0.1326162,3.6925529999999998
0.2193598,-0.44422690000000004,3.817967
0.20460279999999997,-0.540463,3.7810620000000004
0.2202985,0.2505799,3.490353
0.2742814,-0.14117639999999998,3.6309099999999996
0.2949677,-0.4660323,3.780732
0.2481718,-0.5527529999999999,3.749244
0.19743840000000001,0.7529758000000001,3.4057449999999996
0.02665536,0.11054870000000001,3.6751910000000003
0.04819683,0.155899,3.6319999999999997
0.23433629999999997,0.07519745,3.3697199999999996
0.2276768,0.13972479999999998,3.333583
0.1850493,0.5466523,3.4758370000000003
0.20079670000000002,0.8210972,3.3798019999999998
0.15515879999999999,0.9538353999999999,3.339483
0.07096957,0.7413588000000001,3.536724
0.07118412,0.4809090999999999,3.6230910000000014
0.03527982,0.2592857,3.646579
0.02938554,0.1759986,3.66425
0.3240721,0.7025939999999999,3.32726
0.3950869,0.4748794,3.3682730000000003
0.29829570000000005,0.2691332,3.346283
0.2491371,0.19200899999999999,3.348184
0.10999769999999999,0.27743829999999997,3.568635
0.180568,-0.1368567,3.691096
0.2197646000000001,-0.4574005,3.8239419999999997
0.20231129999999997,-0.5523358,3.778179
0.2202935,0.25050900000000004,3.49019
0.2744548,-0.1405082,3.62816
0.29642490000000005,-0.4780137,3.7814300000000003
0.2422377,-0.5606441999999999,3.748729
0.19721170000000002,0.7533896,3.405647
0.02960122,0.1100307,3.6861330000000003
0.05178415,0.1688698,3.61725
0.20835990000000001,0.12000889999999999,3.3451660000000003
0.23269410000000001,0.202453,3.3063339999999997
0.1851396,0.5466068000000001,3.47592
0.20039189999999998,0.8208641,3.3800879999999998
0.15410929999999998,0.9535882,3.3398209999999997
0.07080917,0.7406046,3.5363830000000003
0.07085471,0.4784133,3.623305
0.03511424,0.2567908,3.6469110000000002
0.03013193,0.17004879999999994,3.665742
0.32402859999999994,0.7026106,3.3271370000000005
0.39863909999999997,0.4769754,3.3664080000000003
0.2750059,0.2845242,3.3392230000000005
0.2080478,0.22156579999999998,3.3370379999999997
0.1108567,0.2773323,3.568515
0.1803922,-0.1368414,3.691012
0.22491,-0.43651809999999996,3.818315
0.20510019999999998,-0.5320176,3.78085
0.2229913,0.2505481,3.490013
0.2734422,-0.1401011,3.628303
0.3005447,-0.4773095000000001,3.7747550000000003
0.24193979999999995,-0.5568076,3.750453
0.19699029999999998,0.7532401999999999,3.4058660000000005
0.03174161,0.1006798,3.682025
0.05033884,0.1530424,3.631333
0.1560336,0.1598057,3.3403129999999996
0.19509620000000005,0.23630079999999998,3.296454
0.18565399999999999,0.5475392,3.477882
0.20036199999999998,0.8208504999999999,3.3801010000000002
0.15303229999999998,0.9531993000000001,3.340445
0.07091782,0.7399313,3.5361050000000005
0.07070854,0.4795725,3.623416
0.02975401,0.2596875,3.651935
0.02959469,0.1789045,3.663239
0.3241362,0.7027575,3.327242
0.4014592,0.48506170000000004,3.3598660000000002
0.24226399999999998,0.3229087,3.3340410000000005
0.1754103,0.2770198,3.350157
0.1135774,0.2797946,3.575678
0.1746386,-0.1156747,3.684929
0.22483670000000008,-0.4363720999999999,3.817828
0.2057371,-0.5320071999999999,3.7805419999999996
0.22549470000000002,0.2551323,3.496314
0.2729769,-0.1388855,3.6281209999999997
0.3012434,-0.4775265,3.775772
0.2345132,-0.5503471,3.7561400000000003
0.1969598,0.7532868,3.4060410000000005
0.0238488,0.11155989999999999,3.685049
0.05137637,0.1708914,3.619385
0.10886169999999999,0.2312441000000001,3.330561
0.1619692,0.2894808,3.280875
0.1854251,0.5472198,3.482471
0.20028379999999998,0.8207836,3.3809129999999996
0.151813,0.9530420000000001,3.340347
0.07098652,0.7398539000000001,3.536206
0.07106656,0.4810213,3.6252440000000004
0.0333545,0.2550704,3.657579
0.03004959,0.171052,3.668614
0.3241196,0.7030470999999999,3.3275650000000003
0.4011991,0.491363,3.355347
0.198914,0.3710441,3.316299
0.1341653,0.34940859999999996,3.313653
0.11475819999999999,0.2770768,3.5839540000000003
0.17592979999999994,-0.1226375,3.692419
0.21733920000000004,-0.4743945,3.813999
0.2047184,-0.5704439,3.774141
0.22271100000000002,0.2546909,3.504482
0.2744225,-0.14402,3.632018
0.2984211,-0.48906750000000004,3.7826809999999997
0.2330919,-0.5638477,3.7539919999999998
0.19682020000000008,0.7532101,3.40769
0.0314524,0.10200039999999999,3.692219
0.05117889,0.14897879999999994,3.6319999999999997
0.07029745,0.32030879999999995,3.30128
0.1374501,0.3528301,3.264416
0.1858485,0.5470813,3.4816559999999996
0.2001749,0.8206232,3.381021
0.1502317,0.951075,3.3390809999999997
0.07093014,0.7401409000000001,3.5363480000000003
0.07150881,0.4818444000000001,3.624789
0.02547985,0.2639614,3.6584480000000004
0.0261687,0.17910510000000002,3.668739
0.32444290000000003,0.7046036999999999,3.3274269999999997
0.4012821,0.49134540000000004,3.344857
0.1858764,0.42952840000000003,3.2958559999999997
0.09892605,0.4252903,3.2828809999999997
0.1178453,0.2751946,3.5776510000000004
0.178731,-0.1303334,3.695361
0.218666,-0.4430323000000001,3.818259
0.2076965,-0.5393449,3.776417
0.2252461000000001,0.2559891,3.497005
0.27259859999999997,-0.1430284,3.6326330000000002
0.27862459999999994,-0.4891922,3.784821
0.2435397,-0.580441,3.7490019999999995
0.1967981,0.7531354,3.4077040000000003
0.01835328,0.1093624,3.6918589999999996
0.04613992,0.1708608,3.627182
0.03985988,0.4156118,3.2789989999999998
0.08210673,0.4162781,3.237211
0.1865339,0.5474227,3.481693
0.2003039,0.8207509,3.3827730000000003
0.1494057,0.9504634,3.3394809999999997
0.07114004,0.740881,3.537647
0.06856523,0.5177887999999999,3.61571
0.02812776,0.27826799999999996,3.655898000000001
0.02639364,0.189128,3.6632569999999998
0.3252123,0.7066048,3.327697
0.396766,0.49064129999999995,3.339585
0.1420939,0.5006765999999999,3.2888620000000004
0.08223107,0.5096931,3.270538
0.1193401,0.2753063,3.5766739999999997
0.18080829999999998,-0.1338842,3.6954290000000003
0.219216,-0.44271869999999997,3.818942
0.20672510000000002,-0.5390949,3.7796260000000004
0.2275561,0.258013,3.494136
0.27389309999999994,-0.1434911,3.633391000000002
0.2935567,-0.47274340000000004,3.7804339999999996
0.2470281,-0.559458,3.752004
0.19709129999999997,0.7533413,3.408898
0.02295507,0.1221452,3.68394
0.05318222,0.18190699999999999,3.6239999999999997
0.02125203,0.5087788,3.241549
0.07791547,0.4902666,3.235833
0.1888839,0.5489387,3.4791879999999997
0.2007948,0.8202459999999999,3.383251
0.1480642,0.9470972,3.3382620000000003
0.07147174,0.7507364000000001,3.5377660000000004
0.07063614,0.45891940000000003,3.6240589999999995
0.0245679,0.241979,3.661692
0.02457345,0.1762693,3.668737
0.3248459,0.7076445,3.32896
0.3837821,0.4865893,3.329282
0.14264770000000002,0.5585498999999999,3.276105
0.07970904,0.5858991,3.265708
0.12452819999999999,0.2809915,3.5669
0.18132779999999998,-0.1360253,3.695464
0.21919940000000002,-0.4406354,3.8194339999999998
0.203425,-0.5366988,3.7812309999999996
0.23325059999999997,0.2667018,3.481897
0.2736281,-0.1430589,3.6325019999999997
0.2933348,-0.4733055000000001,3.7799160000000014
0.24662379999999998,-0.5599078000000001,3.751896
0.197598,0.7531899999999999,3.4090089999999997
0.01949097,0.10985619999999999,3.676335
0.04878644,0.1641192,3.639125
0.01913281,0.6045715,3.259492
0.06173833,0.558297,3.2392220000000003
0.19215839999999998,0.5490688,3.4768239999999997
0.20309870000000002,0.8188204000000001,3.3845059999999996
0.14689460000000001,0.9405138000000001,3.3359919999999996
0.07306079,0.7531419,3.538274
0.07207995,0.4689149,3.622286
0.02420404,0.2525199,3.6607230000000004
0.02489062,0.1696271,3.674604
0.3268764,0.7091416,3.328468
0.3626763,0.48240740000000004,3.3154559999999997
0.1649826,0.5858382,3.26818
0.12197580000000001,0.6235259,3.270362
0.1292585,0.28403340000000005,3.559428
0.1818161,-0.13691129999999999,3.6954830000000003
0.2190966,-0.440748,3.819551
0.2035684,-0.5368093,3.7807779999999998
0.23549810000000002,0.2655072,3.4780599999999997
0.2741712,-0.1422182,3.6316379999999997
0.29352480000000003,-0.4734982,3.7803370000000003
0.2464715,-0.5599874,3.750875
0.199915,0.7522802,3.4094589999999996
0.02390528,0.1016855,3.692621
0.05161264,0.1845641,3.631273
0.05492657,0.655431,3.2463990000000003
0.06595247,0.6266299,3.254222
0.1929789,0.5483602,3.47654
0.20312470000000002,0.8183033000000001,3.3847129999999996
0.1469695,0.9392378,3.335344
0.07300534,0.7527915,3.5378220000000002
0.0690785,0.4625821,3.6289849999999997
0.02419313,0.2437757,3.658839
0.02234458,0.1680512,3.676683
0.32690490000000005,0.7099270000000001,3.329673
0.34459709999999993,0.4816161,3.296734
0.150513,0.5960647,3.268773
0.15476479999999998,0.6308848000000001,3.276495
0.1309544,0.28264409999999995,3.558828
0.18232779999999998,-0.1374019,3.695498
0.2162061,-0.4366312,3.8175769999999996
0.2032001,-0.5331427,3.780733
0.23717670000000002,0.2623788,3.479246
0.2782983,-0.1104035,3.6126980000000004
0.28739349999999997,-0.4728992,3.780988
0.2514306,-0.5640414,3.7463330000000004
0.20014379999999998,0.751771,3.4095800000000005
0.02180792,0.09872814,3.703443
0.05641054,0.16963879999999998,3.6489999999999996
0.07707721,0.6727357,3.268611
0.10355940000000001,0.644426,3.26
0.19369229999999998,0.5428585,3.47307
0.2017898,0.8139203,3.383467
0.14112120000000006,0.9320058000000001,3.33085
0.07687241,0.7250430999999999,3.537988
0.07749727,0.48524140000000004,3.627008
0.0280506,0.2669738,3.654844
0.01656933,0.1764961,3.6730099999999997
0.3265808,0.7098296,3.3302389999999997
0.3232305,0.481382,3.2903569999999998
0.1319023,0.6007383000000001,3.2667599999999997
0.1589876,0.6462001,3.2761419999999997
0.13226529999999995,0.27079380000000003,3.560686
0.16882070000000002,-0.1102713,3.6879199999999996
0.21599229999999997,-0.4356087000000001,3.81655
0.2042918,-0.5323085,3.780792
0.2407958,0.254444,3.4661720000000003
0.27637490000000003,-0.1102204,3.611644
0.2857929,-0.47521840000000004,3.782809
0.2504145,-0.5664397,3.7455730000000003
0.1994668,0.7472859000000001,3.4079260000000002
0.01382717,0.11192519999999999,3.696906
0.03953212,0.1751984,3.627
0.12595689999999998,0.6808859,3.265432
0.12131410000000001,0.6797582,3.26
0.1965944,0.5372465999999999,3.470628
0.2030131,0.8088024,3.383193
0.1357325,0.9218959999999999,3.330621
0.08198029,0.7099263000000001,3.5413699999999997
0.07725996,0.4821592000000001,3.628822
0.026579900000000004,0.2626776,3.6549440000000004
0.01227432,0.17559349999999999,3.6730669999999996
0.3262,0.7096081999999999,3.330919
0.305467,0.482558,3.2863620000000004
0.11658519999999999,0.6057802,3.264748
0.1557211,0.6584119,3.2844019999999996
0.13591389999999998,0.26360890000000003,3.561075
0.18071289999999998,-0.1301654,3.691825
0.217426,-0.43616130000000003,3.816701
0.2046517,-0.5326781,3.779346
0.2440485,0.2499786,3.459953
0.2738487,-0.1079351,3.610585
0.2865709,-0.4735469,3.7838879999999997
0.2490853,-0.5639353,3.745107
0.2012227,0.7419895000000001,3.407142
0.011674200000000001,0.11128189999999999,3.6996919999999998
0.03132297,0.1788156,3.6331
0.1313592,0.6813133000000001,3.288935
0.1357517,0.6719092,3.2865
0.1967392,0.5324998000000001,3.4713220000000002
0.20340160000000002,0.8035866999999999,3.383643
0.1316359,0.9159679000000001,3.330172
0.08485848,0.7069003,3.541548
0.07766266,0.48195829999999995,3.6298660000000003
0.026553700000000003,0.264194,3.658293
0.01195749,0.17668499999999998,3.672048
0.3255715,0.7091546,3.3312739999999996
0.28623190000000004,0.48584629999999995,3.278063
0.139069,0.6562376,3.271842
0.1632088,0.6614711999999999,3.278605
0.1346322,0.2561613,3.5698440000000002
0.1790389,-0.12705639999999999,3.6923120000000003
0.2113024,-0.4798588,3.8191629999999996
0.2012447,-0.5755665,3.7740410000000004
0.2433067,0.24602889999999997,3.458591
0.2743412,-0.10698730000000001,3.608791000000001
0.28601859999999996,-0.472183,3.7828230000000014
0.2479634,-0.5625308000000001,3.7471010000000002
0.2016552,0.7368316999999999,3.407636
0.004568935,0.11020150000000001,3.6975919999999998
0.02972932,0.1808471,3.640889
0.13820320000000005,0.7065321999999999,3.27508
0.135686,0.6912227,3.2642
0.1966889,0.53204,3.471138
0.2032526,0.8030539000000001,3.3835349999999997
0.1306586,0.9141991,3.3304099999999996
0.08458403,0.7075295,3.5419709999999998
0.07832526,0.48235290000000003,3.6307720000000003
0.02689056,0.255396,3.657086
0.01212171,0.1695738,3.673399
0.32352729999999996,0.7078324,3.331585
0.2821277,0.4846725000000001,3.279658
0.1414401,0.6603455,3.273762
0.16152260000000002,0.6632308000000001,3.2872779999999997
0.1346967,0.2560481,3.570146
0.1807441,-0.13237220000000002,3.6927559999999997
0.22092379999999998,-0.44013270000000004,3.8158279999999998
0.20483679999999999,-0.5360923000000001,3.776654
0.2428025,0.2453158,3.4573099999999997
0.2667373,-0.1456591,3.6318589999999995
0.27534159999999996,-0.4904699000000001,3.788845
0.2466705,-0.5819349,3.738025
0.2015555,0.7363168000000001,3.4075029999999997
0.01165841,0.10270239999999999,3.694526
0.03137241,0.189029,3.638375
0.1365921,0.7088109,3.2719110000000002
0.13285439999999998,0.7047858,3.253334
0.19482950000000002,0.5300361,3.472569
0.2026682,0.8017956,3.3826669999999996
0.130204,0.9121239,3.33146
0.0845641,0.7075785,3.5419370000000003
0.07850429,0.4823959,3.630718
0.02674549,0.25500059999999997,3.6570099999999996
0.01653629,0.1733941,3.6680309999999996
0.3215905,0.7067448000000001,3.331818
0.2785919000000001,0.4833545,3.2831589999999995
0.1460985,0.665114,3.27925
0.1573729,0.6701901,3.294459
0.12953489999999998,0.2533254,3.580451
0.1790036,-0.1293091,3.689389
0.2205065,-0.4336782,3.8076480000000004
0.20517129999999997,-0.5340640999999999,3.776296
0.23585949999999997,0.2408879,3.463604
0.2715867,-0.13290760000000001,3.619599
0.2793538,-0.48773900000000003,3.785163
0.2449526,-0.5787895000000001,3.7430809999999997
0.2008512,0.7350675,3.4071260000000003
0.01502931,0.10273110000000002,3.695526
0.03488699,0.1383432,3.667
0.08203524,0.7394816999999999,3.2898970000000003
0.1447186,0.649405,3.2672
0.19456099999999998,0.5297448,3.472539
0.2021707,0.8011281,3.381734
0.1296737,0.9113413,3.3308660000000003
0.08440243,0.7102739,3.5486190000000004
0.07932147,0.4831662000000001,3.634185
0.02772547,0.2559515,3.657549
0.02097283,0.1787542,3.671765
0.3203109000000001,0.7059270000000001,3.3312769999999996
0.27026009999999995,0.4846147,3.278836
0.1419557,0.6692352,3.276073
0.1579185,0.6691366999999999,3.2874209999999997
0.1296853,0.2538612,3.581372
0.17838900000000002,-0.12850799999999998,3.6894400000000003
0.22144879999999997,-0.4343611,3.8126629999999997
0.20595770000000002,-0.5329015,3.776815
0.23549210000000004,0.2404887000000001,3.463305
0.2715738,-0.1360963,3.622356
0.2836373,-0.4833447,3.7841139999999998
0.24468130000000002,-0.5731864000000001,3.7470559999999997
0.2004221,0.7344871999999999,3.406511
0.02075734,0.11024,3.6987919999999996
0.02813458,0.1800362,3.630637
0.13754570000000002,0.7218435000000001,3.285189
0.1391676,0.6945340999999999,3.2629
0.1946201,0.5303486999999999,3.472068
0.2020168,0.8012794,3.3814900000000003
0.13056389999999998,0.9136508,3.331614
0.08222812,0.7162976,3.5490169999999996
0.08011339,0.483861,3.634128
0.02863835,0.2559061,3.65824
0.02560344,0.1806497,3.673638
0.3195323,0.7064210999999999,3.331201
0.2682941,0.4854375,3.278408
0.1412339,0.6709095,3.27533
0.15620379999999998,0.6713604000000001,3.291666
0.1312359,0.2561494,3.581862
0.178027,-0.12714489999999998,3.689826
0.22315639999999998,-0.4374258,3.816792
0.20630570000000004,-0.5332292,3.776665
0.23663620000000002,0.2448597,3.456404
0.2718115,-0.13545020000000002,3.621667
0.28342629999999996,-0.48222950000000003,3.78514
0.2393292,-0.5698518,3.747008
0.2003088,0.7346929,3.4062300000000003
0.0247368,0.1099104,3.687792
0.041475599999999994,0.1597757,3.652167
0.1342793,0.7207382,3.290668
0.1321122,0.7072895,3.271667
0.1945461,0.5308624,3.4718970000000002
0.2023109,0.8027475000000001,3.3795900000000003
0.1309779,0.91405,3.3310910000000002
0.08252897,0.7165709,3.549557
0.08241945,0.4856861,3.6340449999999995
0.02897922,0.2671598,3.666458
0.029647500000000007,0.1922411,3.677889
0.3183413,0.7058564,3.3300129999999997
0.2607364,0.48756809999999995,3.271291
0.13478610000000002,0.6737384,3.2686990000000002
0.15216949999999999,0.6791428,3.28902
0.1315542,0.25747559999999997,3.5840120000000004
0.18194470000000001,-0.1320433,3.691914
0.22267179999999998,-0.4426885999999999,3.818973
0.2055442,-0.5383043000000001,3.777649
0.2360448,0.24493130000000002,3.4564589999999997
0.27743920000000005,-0.1112792,3.606581
0.3092778,-0.5006647,3.7816910000000004
0.22368690000000002,-0.5538818,3.749043
0.200463,0.7358223,3.4049379999999996
0.02394236,0.1220654,3.6980480000000004
0.051088699999999994,0.19234920000000005,3.6261
0.1311859,0.7281926999999999,3.2860660000000004
0.1274998,0.7197683000000001,3.2680000000000002
0.1946995,0.5321464,3.470453
0.2019224,0.8040933000000001,3.377705
0.1315572,0.9140023000000002,3.33101
0.08268201,0.7177319999999999,3.549285
0.08290455,0.4852475000000001,3.6335050000000004
0.02949962,0.2678365,3.666401
0.03061371,0.188411,3.678607
0.3176157,0.7060938,3.329057
0.2595926,0.488109,3.269401
0.134213,0.6746629,3.266608
0.1515751,0.6776124,3.2853559999999997
0.1325162,0.2583286,3.584031
0.1829499,-0.1347358,3.692328
0.22334099999999998,-0.4406849,3.8172449999999998
0.207894,-0.5364061,3.774364
0.236472,0.24658270000000002,3.453235
0.2790021,-0.1174297,3.6091260000000003
0.2900364,-0.483346,3.787988
0.23987289999999997,-0.5673288000000001,3.7435160000000014
0.2002271,0.7371551,3.4030970000000003
0.018783,0.1226838,3.7091830000000003
0.04984023,0.1790105,3.635382
0.1307054,0.7285115,3.2742299999999998
0.1299618,0.7272969,3.2555
0.1946895,0.5326369000000001,3.470499
0.2018394,0.8044876,3.377616
0.132218,0.9157646,3.330678
0.08270880000000001,0.7177472,3.5492339999999998
0.08330709,0.48506409999999994,3.6335319999999998
0.02983586,0.26890990000000004,3.668416000000001
0.03147544,0.19104089999999999,3.6848360000000002
0.317177,0.7062415,3.3285739999999997
0.24821329999999997,0.4917539000000001,3.267487
0.1175622,0.6747555000000001,3.262679
0.1098001,0.7571256,3.295208
0.1330826,0.2599363,3.585525
0.1811728,-0.1296725,3.692126
0.2188688,-0.46155029999999997,3.809472
0.2049377,-0.5577844,3.773767
0.23645789999999997,0.24664299999999997,3.453155
0.2785689,-0.11631500000000004,3.608191
0.28830209999999995,-0.4853305000000001,3.786569
0.23889629999999998,-0.5695474,3.7410919999999996
0.20016520000000002,0.7375588000000001,3.403024
0.02439064,0.12024220000000001,3.7067129999999997
0.04971749,0.1866473,3.646778
0.06459902,0.8009569999999999,3.272045
0.06145346,0.7858149999999999,3.27
0.19439,0.5331199999999999,3.4700900000000003
0.20162120000000008,0.8044928000000001,3.376682
0.1323479,0.9164466,3.330107
0.08275595,0.7178848000000001,3.5481620000000005
0.09149387,0.42978,3.643958
0.03603753,0.19793010000000005,3.694368
0.032352099999999995,0.1499608,3.6995
0.3131485,0.7069123,3.321594
0.2483596,0.4897,3.267534
0.11979649999999999,0.6741729999999999,3.262305
0.10647069999999999,0.7574098000000001,3.289945
0.1327946,0.2640759,3.580251
0.1810206,-0.12936489999999998,3.6919129999999996
0.2217998,-0.4724692,3.8104379999999995
0.2010752,-0.5674464,3.772302
0.2346575,0.247362,3.4576510000000003
0.2772057,-0.1155268,3.607355
0.2854528,-0.48877529999999997,3.7864199999999997
0.23757240000000002,-0.5737383,3.740906
0.19993529999999998,0.7376881,3.40224
0.03205618,0.1067694,3.718692
0.04454801,0.1264452,3.6995
0.06636443,0.8033437,3.274828
0.05924737,0.770622,3.2710000000000004
0.1941749,0.5328121,3.470803
0.2016602,0.8044789000000001,3.3766839999999996
0.1320703,0.9155568999999999,3.3297309999999998
0.0825336,0.7175028,3.547504
0.08824626,0.47935029999999995,3.6338
0.0313726,0.266151,3.676484
0.03592715,0.2010749,3.691891000000002
0.3131647,0.7065085999999999,3.321814
0.2440926,0.4903639,3.2691169999999996
0.11318110000000002,0.6732203,3.262914
0.10301469999999999,0.7581138000000001,3.291843
0.1309905,0.26234070000000004,3.588485
0.18091729999999998,-0.12954480000000002,3.692236
0.22023360000000008,-0.473855,3.813334
0.2006019,-0.5687744,3.771943
0.233907,0.2450946,3.45853
0.27241950000000004,-0.1301475,3.6197739999999996
0.2847244,-0.48836369999999996,3.786916
0.2381752,-0.5740609,3.741863
0.1999568,0.737653,3.402283
0.03498713,0.13074360000000002,3.706389
0.05294303,0.18745820000000002,3.6406669999999997
0.06595571,0.8043201999999999,3.273093
0.06042112,0.7669696,3.280555
0.1938146,0.5315622,3.4723559999999996
0.2019548,0.8030198000000001,3.377037
0.1302842,0.9108475,3.330261
0.08289077,0.7165246999999999,3.548165
0.08836735,0.5119808,3.635164
0.02143831,0.2994792,3.6686970000000003
0.04084587,0.2570601,3.680624
0.3132252,0.706288,3.322192
0.2489191000000001,0.48865240000000004,3.2696970000000003
0.1223882,0.6745081999999999,3.264459
0.10331320000000001,0.7579121999999999,3.293802
0.130267,0.261366,3.5932800000000005
0.1807937,-0.1293648,3.6933160000000003
0.21830529999999998,-0.42495829999999996,3.8154470000000003
0.2067458,-0.5338389,3.77536
0.2328169,0.24337229999999999,3.460058
0.2720669000000001,-0.1316864,3.6226769999999995
0.2817662,-0.4889266,3.788765
0.2388663,-0.5760099,3.741725
0.20009470000000001,0.7362861999999999,3.4028680000000002
0.03178351,0.1915868,3.6874309999999997
0.06114772,0.23352979999999998,3.6345
0.05784271,0.8043296,3.293047
0.0726529,0.7519908000000001,3.2927779999999998
0.1935961,0.5302296,3.4731910000000004
0.20239939999999998,0.8015312,3.377334
0.12895510000000002,0.9080278,3.3290559999999996
0.08283837,0.7162069999999999,3.547966
0.08875336,0.512513,3.636562
0.02447423,0.2998362,3.673047
0.04048523,0.2491952000000001,3.679649
0.3133225,0.7054225000000001,3.3225599999999997
0.24547889999999997,0.4885867999999999,3.271629
0.11454210000000001,0.6714448000000001,3.265028
0.10030560000000001,0.756212,3.2864519999999997
0.12934160000000006,0.2594894,3.597085
0.18369449999999998,-0.13627899999999998,3.6949650000000003
0.2183906,-0.42569759999999995,3.8154199999999996
0.20247279999999998,-0.5272195,3.782603
0.2320931,0.24160029999999996,3.4594370000000003
0.27093740000000005,-0.1369358,3.6256019999999998
0.28253449999999997,-0.48598240000000004,3.788587
0.2416359,-0.5739744000000001,3.741661
0.2003656,0.7348308000000001,3.4032970000000002
0.03431782,0.18917899999999999,3.6896809999999998
0.05246054,0.24603720000000004,3.635875
0.06368758,0.8016373,3.271178
0.05660167,0.7613226,3.2637150000000004
0.19378499999999999,0.5293269,3.473694
0.202761,0.8002256,3.377562
0.1281289,0.9063014000000001,3.327097
0.08357497,0.7138691999999999,3.549871
0.08849153,0.4872269,3.6376980000000003
0.01785759,0.2787582,3.682584
0.04075622,0.25111999999999995,3.6808110000000003
0.3131708,0.7051409000000001,3.3228699999999995
0.2445103,0.4883969,3.2729220000000003
0.1127895,0.6707058000000001,3.265989
0.1013404,0.7543545,3.2897830000000003
0.1299924,0.25910059999999996,3.59775
0.18365209999999998,-0.13631079999999998,3.6951080000000003
0.2183743,-0.42567659999999996,3.815669
0.2006905,-0.52736,3.784533
0.2319966,0.24058289999999996,3.459486
0.27230479999999996,-0.1401572,3.6277160000000004
0.2828388,-0.4832573000000001,3.791095
0.24325679999999997,-0.5712357,3.7409019999999997
0.2006795,0.7336020000000001,3.403607
0.03177683,0.18655339999999998,3.687681
0.05335553,0.2531581,3.6460000000000004
0.06280978,0.7992675,3.272447
0.05910633,0.7613638,3.275658
0.1935307,0.5285684,3.473986
0.2023615,0.7995045999999999,3.3774610000000003
0.1279067,0.9059021,3.327043
0.08352038,0.7125836999999999,3.5509190000000004
0.08836517,0.4872269,3.6376980000000003
0.01848307,0.27894240000000003,3.684175
0.04078337,0.2576569,3.6792339999999997
0.3131879,0.7049850999999999,3.322996
0.2480166,0.4870483000000001,3.273816
0.1192059,0.6713920999999999,3.26744
0.1040404,0.7555767,3.2910220000000003
0.1301636,0.258121,3.598156
0.18141310000000002,-0.1330468,3.694142
0.21819699999999997,-0.42536369999999996,3.815523
0.19853110000000002,-0.5329801,3.780272
0.231973,0.2398766,3.4597900000000004
0.272606,-0.1403683,3.62784
0.2824407,-0.4839335999999999,3.7899279999999997
0.24356839999999996,-0.5723935,3.7408269999999995
0.2003164,0.7328619000000001,3.403605
0.0300039,0.18928699999999998,3.6755139999999997
0.05036939,0.22631679999999996,3.6464
0.06117308,0.8009107,3.284439
0.06085816,0.7651355,3.2780080000000003
0.1936403,0.528257,3.4756480000000005
0.2023311,0.7990798000000001,3.3780980000000005
0.1270771,0.9057538,3.3275040000000002
0.0841728,0.7120245,3.5520370000000003
0.08927398,0.4874397,3.635611
0.02064105,0.27925300000000003,3.6839120000000003
0.04094482,0.2455383,3.690142
0.3130948,0.7044758000000001,3.3236019999999997
0.24408809999999997,0.4867885,3.2807370000000002
0.11281300000000001,0.6694338000000001,3.272992
0.1027726,0.7540569,3.299672
0.1309891,0.2586256,3.6016529999999998
0.1802118,-0.1253144,3.693953
0.21742759999999997,-0.42874049999999997,3.820147
0.1980786,-0.5317383000000001,3.782863
0.23232350000000002,0.2395473,3.4611949999999996
0.27236609999999994,-0.1381126,3.6290080000000002
0.2873467,-0.4692872,3.7888919999999997
0.2493229,-0.5589675999999999,3.744617
0.200309,0.7324349,3.4044449999999995
0.03170075,0.1892914,3.6962
0.04986247,0.2238949,3.659
0.057845000000000014,0.7955180000000001,3.293454
0.05421273,0.7641107,3.2886
0.19339920000000002,0.5281453,3.475859
0.201873,0.7989145999999999,3.377737
0.1263513,0.9053669,3.3267830000000003
0.08416244,0.7120091,3.552031
0.08916078,0.4882026,3.631868
0.02174209,0.2803337,3.6826160000000003
0.04078251,0.2540286,3.679758
0.3131123,0.7044089,3.3236120000000002
0.2422781,0.48744079999999995,3.27975
0.11025719999999999,0.6695504,3.271966
0.10147130000000001,0.7551779000000001,3.288852
0.1310492,0.2586102,3.6017059999999996
0.1809324,-0.1268336,3.6938980000000003
0.2220337,-0.4270144,3.819291
0.19914579999999998,-0.5295115,3.78205
0.23151390000000002,0.23885839999999997,3.4639589999999996
0.2699152,-0.09883835,3.6026260000000003
0.344738,-0.47893959999999997,3.7665089999999997
0.2590587,-0.5372183,3.746225
0.1999618,0.7322962,3.404287
0.03477699,0.1907208,3.690322
0.04413585,0.1929887,3.6665
0.05344037,0.7962996,3.279518
0.05552376,0.766257,3.2747610000000003
0.19399370000000002,0.5287659,3.475425
0.2018317,0.7989563000000001,3.3777
0.1264815,0.9052579,3.3269699999999998
0.08415800000000001,0.7129430999999999,3.5533930000000002
0.08885676,0.4879122,3.6346309999999997
0.02251279,0.2803073,3.6873650000000002
0.04140697,0.2537344,3.689679
0.3131006,0.7044934,3.323833
0.24145709999999998,0.48790249999999996,3.2791620000000004
0.10931500000000001,0.6699208999999999,3.271436
0.10439560000000002,0.7545722,3.29465
0.1346362,0.2603745,3.5993699999999995
0.1814306,-0.1255692,3.693532
0.2227376,-0.4285234000000001,3.8193050000000004
0.2001096,-0.5297583,3.7822139999999997
0.2346511,0.24192289999999997,3.4613129999999996
0.26931609999999995,-0.1007189,3.60635
0.299894,-0.47916549999999997,3.785767
0.2441399,-0.5603767,3.744558
0.1999701,0.7323864999999999,3.404213
0.03408417,0.1908753,3.694756
0.0534716,0.2517313,3.6541
0.05942172,0.7909826999999999,3.282142
0.13010660000000002,0.7696456,3.2822
0.1939374,0.5287501,3.475579
0.2018003,0.7989035,3.377738
0.1264378,0.9053029,3.327031
0.08438807,0.7124130999999999,3.5515160000000003
0.08861376,0.4881358,3.635652
0.02267303,0.2806004,3.689019
0.04149595,0.2496933,3.6799230000000014
0.3129976,0.7043362,3.323971
0.2411401,0.48783279999999996,3.2791870000000003
0.10909180000000004,0.6699172,3.271488
0.10265919999999999,0.7555642,3.2932870000000003
0.13409129999999994,0.26062399999999997,3.598587
0.1805724,-0.1246723,3.692506
0.2225891,-0.42973199999999995,3.8199650000000003
0.201216,-0.5279600999999999,3.781155000000002
0.23455520000000002,0.2412422,3.464357
0.27080820000000005,-0.1016788,3.6065940000000003
0.2901927,-0.47993729999999996,3.788536
0.244437,-0.5661906999999999,3.7440239999999996
0.1999385,0.7323435,3.4042660000000002
0.0317454,0.1913523,3.6829300000000003
0.05102462,0.23829909999999999,3.6499230000000003
0.05755038,0.7912254,3.275655
0.12906310000000001,0.7695274000000001,3.2788489999999997
0.1938569,0.5286145999999999,3.4756089999999995
0.2016127,0.798642,3.377187
0.1260126,0.9054771999999999,3.325864
0.08403463,0.7124062,3.5500059999999998
0.09033939,0.4848739,3.6362120000000004
0.02513377,0.27725320000000003,3.6900180000000002
0.04143053,0.2537182,3.690258
0.31293459999999995,0.7042429,3.324015
0.240492,0.4880127,3.278682
0.1087552,0.6703148,3.271096
0.1011073,0.7570135,3.282768
0.1337494,0.2602218,3.598645
0.18033659999999999,-0.11351689999999999,3.687289
0.22330329999999998,-0.43065699999999996,3.818794
0.20601350000000002,-0.5265602,3.7802260000000003
0.2344594,0.24071520000000002,3.465575
0.2680422,-0.1294405,3.630956
0.2888245,-0.4791154,3.789582
0.2280556,-0.5574034000000001,3.75889
0.19979639999999999,0.7321314,3.4039410000000005
0.0368546,0.19167979999999998,3.689347
0.05544285,0.26159970000000005,3.6521
0.06051793,0.7945244,3.260182
0.1289595,0.7666976,3.271636
0.1927939,0.5289691999999999,3.477096
0.2013713,0.7985972,3.377
0.1262596,0.9086366,3.3241980000000004
0.08385617,0.7129101,3.550186
0.08857922,0.4796675,3.645525
0.02406505,0.2720304,3.6998800000000003
0.04030084,0.252906,3.676881
0.3129384,0.7042759,3.324039
0.2396343,0.4884504,3.2779199999999995
0.1076444,0.670568,3.270365
0.1011577,0.7581397,3.2894
0.1296155,0.26317670000000004,3.6123410000000002
0.1809693,-0.1195351,3.6903370000000004
0.2233951,-0.43136499999999994,3.8180330000000002
0.2045918,-0.5271219,3.781452
0.23238530000000002,0.24112820000000001,3.467026
0.2691603,-0.1305321,3.629837
0.28591459999999996,-0.47900950000000003,3.7892099999999997
0.2352036,-0.5633471,3.7508019999999997
0.1995313,0.7321323000000001,3.403943
0.0301199,0.1799204,3.6895160000000002
0.05212647,0.24520460000000002,3.648646
0.05971864,0.8001359,3.2840510000000003
0.1290628,0.7704376000000001,3.27576
0.1924671,0.5290119000000001,3.4772230000000004
0.2012705,0.7984594,3.3766230000000004
0.1261662,0.9079790000000001,3.324239
0.08393152,0.7129831,3.5498
0.08864477,0.4776718,3.646557
0.02428282,0.270032,3.7010300000000003
0.03997518,0.2495741,3.6785410000000014
0.31281420000000004,0.7042003000000001,3.3239769999999997
0.23881449999999999,0.4888558,3.2762599999999997
0.10704780000000001,0.671125,3.2689220000000003
0.09741082,0.7626156,3.2847489999999997
0.1288958,0.26367379999999996,3.612797
0.1824428,-0.1247038,3.6928089999999996
0.22506079999999998,-0.4435305000000001,3.8186839999999997
0.20088,-0.538032,3.7803940000000003
0.23140860000000002,0.2409038,3.466795
0.2740597,-0.1132991,3.6163339999999997
0.29431290000000004,-0.48496320000000004,3.780501
0.2284266,-0.5590748999999999,3.755186
0.1993971,0.7320661999999999,3.4037629999999996
0.0216961,0.1814471,3.686433
0.05139619,0.2269375,3.648875
0.05258835,0.7997738,3.272598
0.12798389999999998,0.7806966,3.2710000000000004
0.1924239,0.5288390000000001,3.4771389999999998
0.201159,0.7980307,3.3768290000000003
0.1260057,0.9079732,3.3242550000000004
0.08408158,0.7127677,3.549065
0.08652063,0.4816821,3.6436599999999997
0.02295231,0.2732163,3.696326
0.04059019,0.26026869999999996,3.6747370000000004
0.3102626,0.7024099,3.3189040000000003
0.2373138,0.4860164000000001,3.275985
0.1078326,0.6699008000000001,3.268497
0.10091069999999999,0.7579252,3.2875699999999997
0.1298125,0.26325940000000003,3.610271
0.1824107,-0.1244502,3.6925480000000004
0.2242316000000001,-0.43979209999999996,3.817786
0.2016651,-0.5347506999999999,3.7809129999999995
0.23086439999999997,0.2401199,3.464438
0.2685672,-0.1362159,3.633496
0.2924345,-0.4847502,3.7828150000000003
0.2287174,-0.560796,3.753686
0.1992941,0.7317286999999999,3.403871
0.02673755,0.18143620000000002,3.686182
0.04992225,0.2286513,3.6623330000000003
0.05508645,0.8105441,3.289342
0.1291757,0.7724416999999999,3.2694240000000003
0.1922656,0.5302785,3.478672
0.2013595,0.7990244000000001,3.377791
0.1262691,0.9090928,3.325114
0.08368375,0.7128302,3.550003
0.08663204,0.48233469999999995,3.6431419999999997
0.02305955,0.27379640000000005,3.695578
0.03823316,0.2463998,3.678096
0.3098249,0.7020983000000001,3.31871
0.23685789999999998,0.48553,3.277197
0.1079662,0.6698239,3.269623
0.1040014,0.7564783,3.2924849999999997
0.1298985,0.26444409999999996,3.610573000000002
0.1819295,-0.1214172,3.6923410000000003
0.22324339999999998,-0.43621509999999997,3.817154
0.20574539999999997,-0.5321244,3.780196
0.2298146,0.241775,3.466594
0.2680958,-0.11800230000000002,3.62166
0.29112259999999995,-0.4832698,3.784432
0.2295416,-0.5609044,3.7553769999999997
0.19938870000000009,0.7328197,3.4049699999999996
0.02852958,0.1807074,3.6941059999999997
0.04650486,0.2169163,3.6568
0.06589387,0.8035836,3.270093
0.1293192,0.7723965,3.276217
0.1922615,0.5306786,3.4782029999999997
0.20116099999999998,0.7993157,3.377219
0.12600139999999999,0.9096940999999998,3.324669
0.08367561,0.7128635,3.5496589999999997
0.08607671,0.48277539999999997,3.642957
0.02229346,0.27401640000000005,3.694463
0.03862399,0.2610112,3.669243
0.3100465,0.7024111,3.3195449999999997
0.2362022,0.4861347,3.2780650000000002
0.1062218,0.6696739,3.270302
0.09945403,0.7619063,3.2872160000000004
0.1304753,0.2649468,3.6056839999999997
0.18334070000000002,-0.12497380000000001,3.693828
0.22180970000000005,-0.4353827,3.818399
0.2083515,-0.5312642,3.7743589999999996
0.2303106000000001,0.2429201,3.467024
0.2721533,-0.10724180000000001,3.610430000000002
0.2823545,-0.4847784000000001,3.786809
0.2425995,-0.5732709,3.740047
0.1992247,0.7331344,3.404438
0.01661016,0.175922,3.676183
0.05189877,0.2452488,3.645
0.06062347,0.7976503,3.278278
0.127909,0.7752225,3.270867
0.1924428,0.5314871,3.476405
0.2006189,0.7999132,3.376201
0.1261162,0.9098031999999999,3.324437
0.08355663,0.7128126,3.549349
0.08558160000000001,0.4826816,3.6422730000000003
0.02182359,0.2736795,3.6929980000000002
0.03599822,0.2522539,3.667222
0.3102502,0.7025256999999999,3.320154
0.2353091,0.4869733,3.2760569999999998
0.10591960000000004,0.6709102,3.268713
0.09818373,0.7617007,3.283344
0.1318281,0.26539240000000003,3.602125
0.1815536,-0.1225017,3.6928
0.2223179,-0.4324298,3.81964
0.2058225,-0.5283975999999999,3.780504
0.23229059999999999,0.2446913,3.463115
0.2723297,-0.1075547,3.6101699999999997
0.2887614,-0.48078119999999996,3.784185
0.24083249999999998,-0.5666974,3.7479400000000003
0.198819,0.7337646,3.403286
0.02407832,0.18289439999999998,3.664932
0.05412955,0.2610331,3.6312
0.05754021,0.8001703,3.276047
0.12696500000000002,0.7813253000000001,3.265125
0.1925274,0.5316885,3.476118
0.2004733,0.8002869,3.376072
0.12624680000000002,0.9099966,3.3240839999999996
0.0834665,0.7125363,3.5458260000000004
0.08481860000000001,0.48398270000000004,3.638916000000002
0.02733112,0.2675801,3.6660510000000004
0.03359227,0.2068257,3.666435
0.3103196,0.7026123000000001,3.320613
0.23519970000000004,0.4871957,3.275993
0.10572680000000001,0.6710727,3.2687
0.09878075,0.7636417,3.284188
0.1320141,0.2648649,3.598206
0.1849685,-0.1323985,3.694984
0.2221252,-0.4319770000000001,3.8200519999999996
0.20583,-0.5279520000000001,3.78055
0.2331186,0.2449116,3.4635910000000005
0.2728915,-0.1066876,3.610089
0.28760990000000003,-0.4808864000000001,3.7852010000000003
0.2455442,-0.5692577,3.744861
0.19872979999999998,0.7340779000000001,3.403122
0.02169096,0.1410461,3.6843550000000014
0.0516439,0.191168,3.626667
0.05791535,0.8020419,3.282867
0.12632069999999998,0.7833344,3.261
0.19217779999999998,0.5322127,3.475967
0.2001987,0.8003553000000001,3.375782
0.1261815,0.9106646,3.3233040000000003
0.08335083,0.7131344000000001,3.5449910000000004
0.08445527,0.4847285,3.638147
0.02750619,0.2683592,3.6662739999999996
0.0350981,0.21116759999999998,3.666572
0.3101109,0.7027599,3.3212099999999998
0.2354313,0.48729140000000004,3.275893
0.1059518,0.671162,3.268693
0.09943473,0.7609134,3.282464
0.1307241,0.269345,3.598904
0.1847624,-0.1333387,3.696627
0.22042840000000002,-0.4325129,3.819925
0.2067089,-0.5288423000000001,3.780732
0.2329099,0.2449926,3.4637059999999997
0.2742378,-0.1100366,3.611582
0.290527,-0.4803278,3.786408
0.2445836,-0.566847,3.7449269999999997
0.19844279999999997,0.7342380000000001,3.4028709999999998
0.02668503,0.1408547,3.679188
0.05731642,0.1966273,3.6262529999999997
0.06268345,0.7992935999999999,3.265246
0.1256286,0.7788616,3.259375
0.1914943,0.5311821,3.475053
0.19905,0.7991600999999999,3.3743589999999997
0.1258969,0.9113311,3.3216930000000002
0.08271493,0.7141036000000001,3.5415379999999996
0.08274989,0.488782,3.6339
0.02758847,0.27251149999999996,3.6650699999999996
0.03401358,0.2095623,3.6593410000000004
0.30701,0.7002094,3.3151879999999996
0.23424179999999997,0.4833188,3.275834
0.10808179999999999,0.6694645,3.268373
0.1040271,0.7572601999999999,3.2790440000000003
0.1307372,0.2675659,3.5978879999999998
0.1849651,-0.1333667,3.69656
0.22067440000000002,-0.4325988,3.8194690000000002
0.2071605,-0.529004,3.781081
0.23208389999999998,0.2438259,3.4636489999999998
0.2732105,-0.11217429999999999,3.61294
0.2892591,-0.48126199999999997,3.7866980000000003
0.2441317,-0.5682090999999999,3.745757
0.19739679999999998,0.7330933000000001,3.4015779999999998
0.02657978,0.14024920000000002,3.663355
0.05602698,0.20319079999999998,3.624875
0.06352617,0.7980779,3.262679
0.1358196,0.7754075,3.279
0.191582,0.5311731,3.474475
0.19903099999999999,0.799154,3.374117
0.1258643,0.9113636999999999,3.3216879999999995
0.08303626,0.7139383,3.540867
0.0818705,0.4886745,3.633886
0.01423185,0.2799025,3.6812720000000003
0.03580241,0.2600441,3.65436
0.30781329999999996,0.7004665,3.317221
0.2343562,0.4840741,3.275675
0.1075673,0.6697915,3.268434
0.1027346,0.7578937,3.28318
0.1308178,0.26775909999999997,3.597751
0.182403,-0.12387169999999999,3.6943949999999997
0.2199824,-0.4298326,3.819917
0.20751,-0.526745,3.779939
0.2327301,0.2425197,3.461203
0.2710058,-0.1299409,3.6296980000000003
0.2883954,-0.4809099,3.7866150000000003
0.24402020000000002,-0.5681666999999999,3.74528
0.1973891,0.7330906,3.401264
0.02154428,0.19022779999999997,3.661431
0.05069977,0.2573444,3.626154
0.05916567,0.7984263,3.267097
0.1302038,0.7790815999999999,3.271286
0.1914959,0.5312005,3.4744379999999997
0.1988789,0.7991100999999999,3.373871
0.1258154,0.9114235999999999,3.3211779999999997
0.08312062,0.7138717,3.5404
0.06949893,0.5066119000000001,3.621262
0.03591501,0.28761329999999996,3.660517
0.03691042,0.2358018,3.651644
0.3071513,0.7006939,3.3163139999999998
0.2343797,0.48394269999999995,3.275791
0.10732739999999999,0.6694871,3.268367
0.1015066,0.7573239,3.280035
0.1308248,0.2676877,3.5979980000000005
0.18215610000000002,-0.12385940000000001,3.694482
0.2195845,-0.4337018,3.823557
0.20419379999999998,-0.5322008,3.780408
0.2322414,0.242892,3.461504
0.2716292,-0.13757149999999999,3.6334779999999998
0.2815546,-0.4846027,3.78795
0.2451591,-0.5746747,3.7432260000000004
0.1972503,0.7330751999999999,3.4010839999999996
0.02448898,0.168905,3.654784
0.05249654,0.20973520000000004,3.630091
0.06064725,0.7963793,3.267849
0.12843310000000002,0.7725132,3.266286
0.19139160000000002,0.5312044,3.4739190000000004
0.1982926,0.7988706,3.372779
0.1258103,0.9112728999999999,3.3212
0.0832122,0.7137306,3.539599
0.07827104,0.5010332000000001,3.6259629999999996
0.03831509,0.28095,3.654751
0.03646643,0.2259921000000001,3.654849
0.30804380000000003,0.7012918,3.3180379999999996
0.23438520000000004,0.4850894,3.275529
0.10583789999999996,0.6696125,3.268132
0.09766562,0.7600824,3.2786760000000004
0.13089220000000001,0.2676217,3.598037
0.1835414,-0.13274520000000006,3.6966300000000003
0.2201326,-0.43390680000000004,3.8237419999999998
0.20506100000000002,-0.5299474000000001,3.780163
0.2324803,0.24325039999999998,3.460984
0.27935659999999995,-0.10259700000000001,3.6003480000000003
0.28650729999999996,-0.4825864,3.784507
0.2439348,-0.5708153,3.745329
0.1968002,0.7329177,3.400146
0.0222007,0.157849,3.656615
0.04047133,0.1664329,3.626143
0.06057465,0.7981734,3.263012
0.1279414,0.7762448000000001,3.265218
0.1913348,0.5310218000000001,3.4741120000000003
0.1983603,0.798905,3.3728800000000003
0.1258518,0.9112851999999999,3.320943
0.08325659,0.7137321999999999,3.53935
0.07831325,0.5009205,3.626075
0.03703976,0.2812874,3.655975
0.03510558,0.21010259999999997,3.6604410000000014
0.3085123,0.7016296,3.3188720000000003
0.2347263,0.4855784000000001,3.275548
0.1054921,0.6696276,3.2681419999999997
0.09899657,0.7597016,3.2783599999999997
0.13032349999999998,0.2656545,3.600229
0.1836318,-0.13222910000000002,3.698235
0.22043539999999998,-0.4339443,3.8262949999999996
0.20195339999999998,-0.5295618000000001,3.786754
0.23217739999999998,0.2427583,3.461075
0.2776603,-0.1013757,3.601514
0.2999912,-0.47562200000000004,3.778746
0.2404688,-0.554599,3.7533839999999996
0.19683270000000005,0.7329135999999999,3.40024
0.02662504,0.1405553,3.6714379999999998
0.04723828,0.17092179999999998,3.6351
0.05732765,0.797014,3.2630470000000003
0.125554,0.7702142,3.2569999999999997
0.1914867,0.531181,3.473278
0.19811320000000002,0.7991241,3.3724790000000002
0.1258695,0.9115614,3.320753
0.08295074,0.7136937,3.539246
0.07817699,0.49951819999999997,3.624943
0.03591928,0.2769629,3.6539580000000003
0.03355821,0.1964246,3.65496
0.3080609,0.7010887,3.317546
0.23441679999999995,0.48479269999999997,3.275722
0.1062048,0.6695471,3.268288
0.10349089999999997,0.757603,3.2790559999999997
0.13160329999999998,0.2652228,3.599273
0.1831665,-0.1301781,3.69676
0.21722249999999999,-0.43831359999999997,3.821425
0.20699499999999998,-0.5344915,3.7773730000000003
0.23300520000000002,0.24349020000000002,3.458625
0.2752409,-0.1407089,3.636936
0.2948329,-0.4775316,3.779235
0.24197,-0.5607515000000001,3.7526300000000004
0.1966629,0.733114,3.3997629999999996
0.03168838,0.1306049,3.674064
0.05476883,0.19270120000000002,3.614556
0.06116224,0.7923520000000001,3.255849
0.13117720000000002,0.7715696999999999,3.269993
0.1913125,0.530972,3.473175
0.1977583,0.7991693,3.372126
0.1254588,0.9109125,3.320489
0.08277908,0.7138286,3.5392959999999998
0.07823364,0.4993337000000001,3.624885
0.03083542,0.281884,3.6594620000000004
0.03335961,0.225948,3.651153
0.30826909999999996,0.7015829,3.3187269999999995
0.2370192,0.48506520000000003,3.2727180000000002
0.11224489999999998,0.6720991,3.2665349999999997
0.1013732,0.7577384,3.275778
0.13137220000000002,0.26426740000000004,3.5990279999999997
0.1851088,-0.1360909,3.698436
0.214943,-0.4384751,3.8200550000000004
0.2070587,-0.5349235999999999,3.776931
0.23296509999999998,0.2427359,3.459512
0.2749197,-0.1416717,3.6372169999999997
0.2898978,-0.4775995,3.7887129999999996
0.24498119999999998,-0.5645055999999999,3.746114
0.1963662,0.7330833999999999,3.399488
0.02274473,0.1584917,3.651061
0.05300695,0.21515949999999998,3.612
0.05737061,0.7979606,3.2670470000000003
0.1352462,0.7749852,3.277167
0.191197,0.5307733,3.473043
0.1975961,0.7989948,3.371554
0.1250732,0.9103305,3.3199970000000003
0.08276239,0.7139149,3.539239
0.07835039,0.5004153,3.624104
0.02894984,0.2836155,3.659645
0.03380357,0.23740529999999999,3.651993
0.3084637,0.7015929,3.31912
0.2369073,0.4852375,3.272698
0.1119682,0.6721613000000001,3.2665450000000003
0.1009581,0.7569891,3.275503
0.13106800000000002,0.2638697,3.5997879999999998
0.18353139999999998,-0.1320698,3.698181
0.21666939999999998,-0.4385812,3.8210900000000003
0.2068367,-0.5348423000000001,3.777503
0.23290740000000001,0.24243499999999998,3.4594699999999996
0.2759888,-0.14134660000000002,3.634968
0.28868140000000003,-0.4781116,3.789257
0.2458885,-0.5658358,3.7455309999999997
0.1962086,0.7328986999999999,3.3990489999999998
0.02146812,0.1696402,3.6491839999999995
0.0519779,0.2096741,3.618893
0.05919101,0.7985174,3.267558
0.12771210000000002,0.7679588,3.260091
0.1893691,0.5302649,3.4736
0.1965809,0.7984359999999999,3.3708
0.12398010000000001,0.9094674,3.3192449999999996
0.08294278,0.7129829000000001,3.5374160000000003
0.07818729,0.4996957,3.62385
0.02829038,0.28308629999999996,3.659732
0.03359488,0.2388876000000001,3.6563199999999996
0.308655,0.7016903,3.319461
0.23662329999999998,0.48557079999999997,3.272518
0.1110903,0.6721016,3.266326
0.10068939999999996,0.7564496,3.272401
0.126684,0.2646531,3.602093
0.185118,-0.1364312,3.697392
0.2169291,-0.43710140000000003,3.821476
0.20640970000000008,-0.5334104000000001,3.7787330000000003
0.2291288,0.2406685,3.4651099999999997
0.27401279999999995,-0.11050460000000001,3.608688
0.285465,-0.4821927,3.7901230000000004
0.2402716,-0.5683919,3.7436949999999998
0.1950816,0.7323897,3.398596
0.02048113,0.166748,3.651385
0.05120609,0.22656379999999998,3.6346
0.06384956,0.793031,3.2540709999999997
0.1292567,0.769662,3.263162
0.1874749,0.5301324000000001,3.474253
0.19547079999999997,0.7976989000000001,3.37015
0.12296680000000001,0.9086562,3.319468
0.08288611,0.7122930000000001,3.536227
0.07800125,0.4992933,3.6240589999999995
0.0283553,0.2633585,3.659962
0.03135751,0.1893,3.660254
0.30882600000000004,0.7017722,3.319748
0.23662539999999999,0.4857702999999999,3.2724029999999997
0.1107223,0.6720552,3.2661990000000003
0.1005204,0.7563268,3.276134
0.1232838,0.2673089,3.6036099999999998
0.1851833,-0.1355046,3.696474
0.2116895,-0.44890820000000003,3.821391
0.20830749999999998,-0.5452763,3.776842
0.22570199999999999,0.2401651,3.4696800000000003
0.27532429999999997,-0.1072722,3.6053379999999997
0.2863545,-0.4813173,3.7904139999999997
0.2414251000000001,-0.5677601,3.7446879999999996
0.1938521,0.7318226999999999,3.398248
0.026731400000000002,0.12090219999999999,3.6846910000000004
0.04820196,0.1638838,3.6326
0.0591619,0.7989433000000001,3.2720130000000003
0.12953779999999998,0.7700891,3.266659
0.1864021,0.5300225000000001,3.478296
0.1961246,0.797199,3.3717870000000003
0.12249080000000001,0.9075266,3.319972
0.0830087,0.7119243000000001,3.536035
0.07771126,0.49847299999999994,3.6249839999999995
0.02393318,0.2846135,3.6684550000000002
0.03364157,0.237948,3.6600379999999997
0.3093047,0.7021123,3.320877
0.23634989999999997,0.4863668,3.2735060000000002
0.1086192,0.6714289999999999,3.266937
0.1003964,0.7562094,3.2822139999999997
0.11965730000000001,0.27025609999999994,3.609488
0.1843005,-0.1309132,3.6974080000000002
0.2166952000000001,-0.4538719,3.822089
0.204507,-0.5497565999999999,3.778232
0.22270170000000009,0.2386473,3.4776949999999998
0.275492,-0.10720139999999999,3.605499
0.28690340000000003,-0.4765224,3.789052
0.24478989999999998,-0.5646539,3.746201
0.1941396,0.7313951,3.4002550000000005
0.02057933,0.169774,3.6733839999999995
0.04980729,0.21424369999999998,3.6239999999999997
0.05704286,0.7948768,3.270673
0.127726,0.7669935,3.266082
0.1870705,0.5300724,3.4768739999999996
0.1960941,0.7972100999999999,3.3717620000000004
0.1217566,0.9067753000000001,3.3196410000000003
0.08272766,0.7114292,3.535572
0.07775577,0.4983334,3.624488
0.03056229,0.2725351,3.657036
0.03260732,0.1984382,3.65671
0.3078772,0.7011566999999999,3.317795
0.23570660000000002,0.4848215,3.272621
0.10884,0.6704755,3.26591
0.09860773,0.7544041,3.27739
0.12677760000000002,0.2712819,3.599725
0.18438759999999998,-0.1317939,3.697997
0.21760059999999998,-0.4569286,3.822885
0.2044076,-0.5524878000000001,3.777486
0.2259037,0.237738,3.471967
0.2712168,-0.1360844,3.62932
0.28609359999999995,-0.47579750000000004,3.790283
0.2444855,-0.5640829,3.746872
0.19413129999999998,0.7314128000000001,3.400129
0.02659631,0.1304343,3.6690650000000002
0.04941709,0.17916279999999998,3.624917
0.0532592,0.8018590999999999,3.281528
0.11915710000000004,0.7801979,3.252
0.18706040000000002,0.5303996,3.4768239999999997
0.1961634,0.797346,3.371985
0.12173710000000001,0.9067679,3.3196410000000003
0.08257408,0.7115517,3.535604
0.07802214,0.49362219999999996,3.62687
0.03076951,0.2641664,3.661832
0.03533201,0.1908442,3.666381
0.3081954,0.7008882,3.318425
0.235853,0.484659,3.272925
0.108599,0.6700533000000001,3.266188
0.09616692,0.7524334,3.2762729999999998
0.1258667,0.2747925,3.6010379999999995
0.1849327000000001,-0.1342981,3.6987940000000004
0.19795510000000002,-0.5155695,3.825161
0.25017910000000004,-0.5772670999999999,3.7389330000000003
0.22580479999999997,0.2375786,3.470417
0.2723414,-0.1367894,3.631467
0.2862383,-0.4758403000000001,3.790138
0.2443284,-0.5640125,3.746863
0.1941648,0.7315646,3.40026
0.02843492,0.1194751,3.6921910000000002
0.04866337,0.1776044,3.63185
0.05688112,0.8021116,3.264093
0.1239701,0.7545089,3.264571
0.18633929999999999,0.53175,3.4771389999999998
0.195521,0.7978919,3.371843
0.12169169999999999,0.9075871999999999,3.320179
0.08284784,0.7107302,3.5354129999999997
0.07796671,0.494069,3.627911
0.03065974,0.2645082,3.663188
0.033491,0.1864574,3.669112
0.30864590000000003,0.7012286999999999,3.319389
0.2361893,0.4851323,3.273243
0.1079647,0.6698682,3.266413
0.09476659,0.7522098,3.281275
0.12426430000000001,0.2783491,3.6026599999999998
0.1839293,-0.1325831,3.6993339999999995
0.22270259999999997,-0.4362952000000001,3.827185
0.2048935,-0.5314076999999999,3.781827
0.22547179999999997,0.2390813,3.472107
0.2749152,-0.10291449999999999,3.6122360000000002
0.2854797,-0.47728370000000003,3.7912739999999996
0.24603520000000004,-0.5662653,3.7464769999999996
0.1934865,0.7322738,3.4002019999999997
0.02670373,0.1209104,3.6845660000000002
0.05051447,0.1731941,3.636
0.05480882,0.8037954,3.2789620000000004
0.12102160000000001,0.7666563,3.262403
0.1863582,0.5332614,3.4760949999999995
0.1939099,0.8000113,3.372527
0.12229960000000001,0.9117209999999999,3.3188449999999996
0.08205433,0.7111897,3.5363
0.07815292,0.49405699999999997,3.6277800000000004
0.02514827,0.2793103,3.668419
0.03544673,0.2475933,3.656498000000002
0.3093358,0.7019563,3.320091000000001
0.24868579999999998,0.482538,3.2721869999999997
0.1246548,0.6700751,3.266633
0.12898199999999999,0.6732630000000001,3.283761
0.1276792,0.2778381,3.577235
0.1837199,-0.13263339999999998,3.699003
0.22024200000000002,-0.4571563,3.819349
0.20285129999999998,-0.5526526999999999,3.7786160000000004
0.2286011,0.24258939999999998,3.47549
0.2698185,-0.13411689999999998,3.6337580000000003
0.2864938,-0.4765821,3.79037
0.2462462,-0.5654196,3.7468980000000003
0.1924068,0.7340838000000001,3.4003669999999997
0.02454321,0.17923050000000001,3.6615830000000003
0.05226438,0.24229050000000002,3.6289230000000003
0.06545129,0.7348038,3.2822339999999994
0.13890379999999994,0.6962854,3.2758
