0.2250577,0.4882734,3.498447
0.2413783,0.7710602,3.3973129999999996
0.2214895,0.8795834000000001,3.3873330000000004
0.10389970000000001,0.7168081000000001,3.566523
0.08285838,0.5262311,3.603451
0.06188825,0.33363709999999996,3.6271430000000002
0.04832966,0.23870660000000002,3.648832
0.3533342,0.6361648,3.349929
0.3834783,0.4447914000000001,3.377542
0.3721207,0.24883229999999998,3.381592
0.3743087,0.1691281,3.401407
0.1524779,0.2035924,3.589483
0.178764,-0.110849,3.7227419999999998
0.2135538,-0.44240209999999996,3.8612599999999997
0.14269500000000002,-0.5047699999999999,3.766834
0.2582226,0.18958429999999998,3.516626
0.3250265,-0.14413470000000006,3.5944239999999996
0.3587687,-0.4870955,3.720293
0.32254,-0.5485075,3.756449
0.23752350000000005,0.7014146,3.4247360000000002
0.04623805,0.17885710000000002,3.6337669999999997
0.08384420000000001,0.21403119999999998,3.584636
0.3628947,0.1019137,3.3915370000000005
0.3885654000000001,0.16202479999999994,3.369913
0.2246913,0.4883389,3.498481
0.24114580000000002,0.7712114000000001,3.397217
0.22114250000000002,0.8796440000000001,3.387136
0.1042442,0.716812,3.565316
0.08296623,0.5264291999999999,3.6028260000000003
0.06165956,0.3339512,3.6269480000000014
0.04852427,0.2427458,3.6456089999999994
0.3533438,0.6361424,3.3499260000000004
0.3834097,0.4447866,3.3776669999999998
0.3720595999999999,0.2488406,3.3818839999999994
0.374328,0.1671542,3.401671
0.1516475,0.20354470000000002,3.589957
0.178505,-0.11120839999999999,3.722573
0.21759539999999997,-0.44470190000000004,3.863569
0.1468475,-0.5070846,3.769016
0.2578214,0.1895368,3.516601
0.3251217,-0.1441537,3.594189
0.35846609999999995,-0.4874879,3.72068
0.32353509999999996,-0.5499086,3.7496410000000004
0.237265,0.701543,3.424674
0.04075546,0.17736110000000002,3.630835
0.09124672,0.24504,3.5495
0.3630957,0.10206599999999999,3.395263
0.3907138,0.1568858,3.374047
0.224687,0.4882848,3.498382
0.2411465,0.7711944000000001,3.397187
0.2211379,0.8796465,3.387137
0.1041048,0.7166504,3.5652800000000004
0.08276525,0.5263188,3.6029370000000003
0.06138781,0.3337553,3.626558
0.05014677,0.24177510000000002,3.643116000000002
0.35334740000000003,0.6361623000000001,3.3499230000000004
0.3832147,0.44478609999999996,3.3777199999999996
0.37202729999999995,0.2488467,3.3821190000000003
0.3749542,0.1672813,3.3996230000000005
0.1516138,0.20337429999999998,3.589721
0.1783119,-0.1113094,3.722482
0.21777039999999998,-0.4447923,3.863796
0.1470515,-0.5071744,3.7692080000000003
0.2578762,0.1894605,3.5162699999999996
0.3252383,-0.1439644,3.5945489999999998
0.358454,-0.4876149,3.720493
0.3240792,-0.5505924,3.7477
0.2372639,0.701519,3.4246309999999998
0.04537912,0.1775931,3.6312480000000003
0.09145266,0.2456603,3.549457
0.3580952,0.10187280000000001,3.3902410000000005
0.369571,0.1119425,3.3683339999999995
0.2245509,0.48833109999999996,3.4986330000000003
0.24115170000000002,0.7712011,3.3972019999999996
0.22111220000000004,0.8797089,3.38725
0.1039635,0.7162535,3.5638349999999996
0.08273614,0.5261199000000001,3.602201
0.06096499,0.333787,3.626813
0.04910664,0.24011149999999998,3.6497870000000003
0.3533199,0.6360894,3.3500099999999997
0.4000273,0.450891,3.387145
0.3887259,0.2547467,3.388923
0.37476659999999995,0.174307,3.405711
0.15092679999999994,0.2036032,3.590729
0.1779714,-0.1114685,3.72275
0.20222720000000002,-0.43306530000000004,3.8630709999999997
0.1319263,-0.4956242,3.7682260000000003
0.257596,0.18950770000000008,3.516716
0.32488520000000004,-0.1439589,3.594925
0.3594125,-0.48917920000000004,3.720742
0.32195050000000003,-0.5513076,3.74646
0.2372554,0.7015319999999999,3.4246769999999995
0.04085385,0.1777241,3.63829
0.0885508,0.219358,3.567429
0.35892690000000005,0.1101877,3.389454
0.3897605,0.1567399,3.3765
0.22443470000000001,0.4883406,3.498685
0.2410816000000001,0.7711956,3.397155
0.2211121,0.8797431999999998,3.3872379999999995
0.10405230000000001,0.7164765999999999,3.5628589999999996
0.08280908,0.5263899999999999,3.601385
0.06060954,0.3342673,3.62684
0.05028946,0.2404826,3.648186
0.3532362,0.6360710999999999,3.3500010000000002
0.3987825,0.4503279000000001,3.386335
0.38836509999999996,0.25421170000000004,3.389103
0.3775396,0.17178310000000002,3.4026089999999996
0.1507218,0.2036097000000001,3.590951
0.17758139999999994,-0.111578,3.7227949999999996
0.2164735,-0.4371866,3.868262
0.14617750000000002,-0.49975,3.7733190000000003
0.2574552,0.1895755,3.516864
0.3249072,-0.1439977,3.594689
0.3601287,-0.4886935000000001,3.720024
0.3225214,-0.5517907,3.7461589999999996
0.2371797,0.70153,3.4246550000000004
0.04084169,0.1777751,3.6422199999999996
0.09590109,0.2469254,3.542375
0.35984770000000005,0.1100356,3.3969139999999998
0.3816177,0.16044460000000002,3.370786
0.22388629999999998,0.4882486,3.499044
0.24054479999999998,0.7709073000000001,3.3972510000000002
0.2207887,0.8795243,3.3873660000000005
0.10380039999999999,0.7163876,3.563008
0.08260188,0.528729,3.609064
0.05900004,0.33741329999999997,3.637653
0.04674377,0.2506768,3.6514019999999996
0.3531977000000001,0.6360538,3.3500699999999997
0.3982394,0.4501579000000001,3.386329
0.3883368,0.25402870000000005,3.3892290000000003
0.3758724,0.1724108,3.4013989999999996
0.15038870000000001,0.2036905,3.591251
0.177472,-0.1116499,3.7227879999999995
0.21954050000000008,-0.4414031,3.868322
0.14924189999999998,-0.5039534999999999,3.7733839999999996
0.2566833,0.18977860000000002,3.517869
0.3241949,-0.1437317,3.5958379999999996
0.36035659999999997,-0.48817259999999996,3.719523
0.32207220000000003,-0.5517852,3.744847
0.2366404,0.7012924,3.424818
0.04086165,0.1877559,3.639925
0.08746505,0.2271996,3.562667
0.3588105,0.11015230000000001,3.388354
0.3791437,0.1105151,3.37175
0.2237511,0.48830870000000004,3.498889
0.24030429999999997,0.7710738,3.397158
0.2206437,0.8797232,3.3872809999999998
0.10377280000000001,0.7166798000000001,3.5610000000000004
0.082646,0.5293598,3.6080620000000003
0.05880933,0.33805290000000005,3.63657
0.04680251,0.25053339999999996,3.6467099999999997
0.35305729999999996,0.6360296,3.350168
0.397059,0.44982730000000004,3.386282
0.38795050000000003,0.2536706,3.389244
0.3754053,0.1750181,3.40297
0.1502888,0.2036591,3.591071
0.1772074,-0.11178679999999999,3.7224459999999997
0.2232419,-0.4467949000000001,3.866944
0.1928812,-0.513836,3.8904389999999998
0.25674369999999996,0.1897583,3.517205
0.32389650000000003,-0.143628,3.5957239999999997
0.3600743,-0.48871040000000004,3.719086
0.32298340000000003,-0.5525166,3.7461870000000004
0.236427,0.7014275,3.4247120000000004
0.04543412,0.1876056,3.632938
0.08034707,0.18233829999999998,3.6045
0.3587686,0.11013440000000001,3.387854
0.3948798,0.203594,3.3677269999999995
0.22336399999999998,0.4883854,3.499128
0.2398156,0.7710714,3.3974580000000003
0.2205192,0.8797207,3.3874449999999996
0.1035881,0.7165176999999999,3.5609910000000005
0.08172489999999999,0.5269811,3.6010989999999996
0.05860679,0.3350258,3.626864
0.04637113,0.24800570000000002,3.6519459999999997
0.3526551,0.6361804,3.3503160000000003
0.3960813,0.4497394,3.386108
0.38764499999999996,0.2535695,3.3892349999999998
0.3767954,0.17174679999999998,3.400893
0.15007379999999998,0.20378239999999997,3.591014
0.1771147,-0.1116857,3.7223330000000003
0.22319740000000002,-0.4466477,3.866919
0.1946503,-0.5138842,3.891032
0.2564374,0.1899125,3.517645
0.3225476,-0.14320560000000002,3.597492
0.36033540000000003,-0.4891583,3.719382
0.3225857,-0.5524303,3.743642
0.235952,0.7014471999999999,3.425004
0.04401796,0.1887527,3.6403230000000004
0.08987765,0.22633789999999998,3.5532
0.3592927,0.1102998,3.392954
0.3785559,0.13793829999999999,3.366715
0.2229444,0.4884282999999999,3.499721
0.23962060000000002,0.7712749,3.3979220000000003
0.2202636,0.8795861999999999,3.3874120000000003
0.1030587,0.7159234999999999,3.561225
0.0815087,0.5263496999999999,3.601318
0.05863227,0.3343558,3.627021
0.04323996,0.250583,3.657403
0.3524961,0.6360437,3.3504120000000004
0.3956587,0.4497329000000001,3.3868669999999996
0.3875155,0.2535137,3.389457
0.37380979999999997,0.1717046,3.402652
0.14929879999999998,0.2036971,3.591736
0.1771225,-0.1119931,3.7225230000000002
0.22604789999999997,-0.4484973,3.867316
0.156065,-0.5110639,3.7720550000000004
0.25595229999999997,0.18966660000000002,3.518257
0.3226004,-0.1435297,3.597579
0.35893590000000003,-0.4842161,3.7176169999999997
0.32303790000000004,-0.5505159000000001,3.742371
0.2357013,0.7016151999999999,3.4255
0.04127373,0.18647679999999997,3.645742
0.08922745,0.22433409999999998,3.559604
0.35945320000000003,0.1103452,3.394354
0.38526209999999994,0.1404549,3.378
0.2224071,0.4878616,3.499826
0.23855700000000002,0.7700967,3.397943
0.21991860000000002,0.8787096999999999,3.38766
0.10273410000000001,0.7157468000000001,3.5611949999999997
0.08131305,0.5260536,3.600944
0.05834046,0.3341986,3.6272849999999996
0.04649195,0.2388306,3.651243
0.3516788,0.6361195,3.350332
0.3951571,0.4498839,3.3867830000000003
0.38723,0.25366170000000005,3.389442
0.3721251,0.1741043,3.402257
0.1491634,0.2036339,3.5917830000000004
0.1768636,-0.11203250000000001,3.722632
0.22524879999999997,-0.44806,3.8669290000000003
0.1552023,-0.5106463,3.7717629999999995
0.2558067,0.1893697,3.518365
0.3232703,-0.1441437,3.596343
0.358166,-0.4848545,3.717941
0.3237465,-0.5505482,3.742586
0.2347728,0.7006055,3.425556
0.04207546,0.1780205,3.633517
0.08441267,0.2078047,3.5698
0.3557236,0.10940699999999999,3.394056
0.3855913,0.1272375,3.388125
0.2221188,0.4878307,3.499821
0.2380551,0.7701975000000001,3.3977480000000004
0.21954,0.8788919,3.38754
0.1017358,0.7153439,3.562124
0.08071236,0.5254489,3.601345
0.05798151,0.33352009999999993,3.6274480000000002
0.04851487,0.2390634,3.645202
0.35086490000000004,0.6361853,3.350513
0.3948087,0.450031,3.386851
0.3870555,0.2538023,3.389505
0.3761366,0.17129570000000002,3.4007870000000002
0.149056,0.203552,3.591905
0.1768234,-0.11221410000000001,3.7225620000000004
0.22620990000000002,-0.4482723,3.867143
0.1560731,-0.5108566,3.772069
0.2556524,0.1892672,3.518408
0.3237455,-0.1447818,3.5945300000000002
0.35836809999999997,-0.486354,3.7172199999999997
0.3231695,-0.5511996,3.7410949999999996
0.2343266,0.7006639,3.425422
0.04070183,0.1763066,3.6379059999999996
0.08992460000000001,0.22645789999999996,3.555
0.3589461,0.11018389999999999,3.389454
0.3753939000000001,0.1374629,3.371667
0.2214376,0.48773009999999994,3.500145
0.23744229999999997,0.7698814,3.398019
0.21899120000000002,0.8785027,3.387683
0.1012415,0.7147156,3.5619650000000003
0.08037595,0.52487,3.6013949999999997
0.05755192,0.3330391,3.6279199999999996
0.04814695,0.23821220000000004,3.648422
0.3495879000000001,0.6361777,3.3507089999999997
0.3941369,0.4500936,3.386771
0.3863778,0.25392929999999997,3.3902870000000003
0.3744207000000001,0.1736685,3.405192
0.14847910000000006,0.203738,3.5921550000000004
0.1767361,-0.11214189999999999,3.722529
0.2270973,-0.4471675,3.867712000000002
0.15691170000000002,-0.5097564,3.772676
0.2549281,0.189366,3.518849
0.3231492,-0.1442878,3.595997
0.3582243,-0.4873509,3.718357
0.32046929999999996,-0.5513425999999999,3.741976
0.23368850000000002,0.7003993000000001,3.425707
0.04028101,0.1771002,3.638317
0.09047668,0.24000500000000002,3.5513339999999998
0.3588918,0.1101768,3.3890540000000002
0.3648457000000001,0.10577,3.367
0.2212498,0.4876374,3.5000400000000003
0.237224,0.7696978,3.3978629999999996
0.2181391,0.8785451999999999,3.3881050000000004
0.1013206,0.7140232,3.5630370000000005
0.08016729,0.5241110999999999,3.602128
0.05697637,0.33231459999999996,3.62859
0.04714173,0.2406316000000001,3.646411
0.34824590000000005,0.6362522,3.350879
0.39347540000000003,0.45037619999999995,3.387064
0.38611799999999996,0.2541964,3.3905540000000003
0.3753074,0.1693149,3.4028480000000005
0.14843900000000002,0.20371789999999998,3.592105
0.1767224,-0.1121376,3.722518
0.22491839999999996,-0.4464692,3.867454
0.154407,-0.5089897,3.772726
0.25469899999999995,0.1893703,3.5187489999999997
0.3225079,-0.14386600000000002,3.597288
0.35834140000000003,-0.48840680000000003,3.718575
0.32018709999999995,-0.5518571999999999,3.742382
0.2334723,0.7002388,3.425565
0.04029808,0.17717570000000002,3.639918
0.09021926,0.24793400000000002,3.5412220000000003
0.355702,0.10939600000000001,3.3937559999999998
0.3832169,0.157916,3.373357
0.22095479999999998,0.4875545,3.500107
0.23704940000000002,0.7695575,3.397874
0.2176086,0.8785299999999999,3.3884440000000002
0.100642,0.7135494000000001,3.5632639999999998
0.07984609,0.5235675,3.6022440000000002
0.05701237,0.331795,3.629027
0.04539194,0.24042170000000002,3.6512949999999997
0.34785679999999997,0.6362859000000001,3.3509559999999996
0.3933394,0.45047390000000004,3.387137
0.3859384,0.25429120000000005,3.390574
0.3692218,0.17245729999999998,3.402807
0.1480586,0.20370239999999998,3.5921309999999997
0.17662460000000002,-0.1121243,3.722546
0.22498579999999999,-0.44468199999999997,3.8672760000000004
0.15450629999999999,-0.507224,3.7725150000000003
0.25429850000000004,0.1894254,3.5189769999999996
0.3233292,-0.1438732,3.596627
0.35825949999999995,-0.48730039999999997,3.7187669999999997
0.3227747,-0.5529308000000001,3.7424410000000004
0.23326799999999998,0.7001105,3.425589
0.04067868,0.17610820000000002,3.6339069999999998
0.08736633,0.22048420000000002,3.558333
0.3503813,0.11040499999999999,3.396058
0.3679024,0.137959,3.36725
0.21975170000000002,0.48776790000000003,3.5006180000000002
0.23631149999999998,0.7696201,3.398136
0.216969,0.8786845999999999,3.38881
0.09965616,0.7134201,3.5646089999999995
0.07929344,0.5254721,3.6100339999999997
0.055358000000000004,0.3344132,3.639561
0.04295424,0.2386577000000001,3.6549629999999995
0.3468841,0.6364034000000001,3.3510660000000003
0.3965676,0.4522542000000001,3.388981
0.3853052,0.2561379,3.39123
0.3643755,0.17774600000000002,3.4051400000000003
0.14663800000000002,0.20415250000000001,3.592714
0.1764455,-0.11187190000000001,3.7225629999999996
0.2254972,-0.4478021,3.86807
0.1548155,-0.5102646,3.773479
0.2525553,0.1898322,3.519932
0.3236044,-0.14367120000000005,3.5958010000000002
0.3587539,-0.4891332000000001,3.7193690000000004
0.3232207,-0.553021,3.747189
0.23241279999999997,0.7002046,3.42591
0.040482599999999994,0.1775914,3.6429669999999996
0.07263204,0.1936261,3.605286
0.3483698,0.1109849,3.385359
0.3765148,0.1649588,3.3732
0.2188475,0.4876185000000001,3.5006699999999995
0.2360663,0.7695462,3.398129
0.2166188,0.8786684000000001,3.388933
0.09904051,0.7120928000000001,3.56353
0.07847756,0.5218351,3.6016480000000004
0.05451354,0.33020720000000003,3.6284370000000004
0.04415454,0.2379155000000001,3.646393
0.3468541,0.6364241,3.351085
0.3984499,0.4527412,3.3887089999999995
0.3776309000000001,0.257179,3.388349
0.3473914,0.1817892,3.396864
0.14377089999999998,0.20433959999999998,3.592481
0.17609,-0.11144560000000002,3.722297
0.225696,-0.44794179999999995,3.868096
0.15531370000000005,-0.5104344,3.7731980000000003
0.2514754,0.189369,3.520282
0.3228982,-0.1440067,3.5962629999999995
0.35925640000000003,-0.48949390000000004,3.719203
0.3219085,-0.5542023,3.744397
0.232035,0.7001119,3.4259120000000003
0.03444545,0.17666179999999998,3.634927
0.09160651,0.22578710000000002,3.5448
0.3298065,0.1097347,3.375065
0.3692261,0.1947564,3.355375
0.21651729999999997,0.48807860000000003,3.5016300000000005
0.2359391,0.7694666,3.3981239999999997
0.21594770000000002,0.8785139999999999,3.389017
0.09857442,0.7128139,3.563971
0.07831703,0.5223345,3.6014589999999997
0.05431536,0.3307319,3.628358
0.04580761,0.2395373,3.647607
0.3468363,0.6366286999999999,3.3511260000000003
0.400789,0.4540669,3.390056
0.3690694000000001,0.2596046,3.37667
0.3304574,0.18728370000000005,3.3807940000000003
0.13670639999999998,0.20791469999999998,3.5955410000000003
0.1750837,-0.10916669999999999,3.721771
0.2253567,-0.4477016,3.867947
0.1549482,-0.5101131,3.77299
0.2444462,0.1903259,3.524059
0.322292,-0.1439336,3.593243
0.3592109000000001,-0.4895945,3.7193650000000003
0.3219256,-0.5541278000000001,3.745542
0.2316377,0.7000588000000001,3.4260040000000003
0.03727511,0.1759748,3.6357180000000002
0.08818994,0.24504389999999998,3.5461110000000002
0.30885830000000003,0.1192603,3.357471
0.34456970000000003,0.18299110000000002,3.3489999999999998
0.21630660000000002,0.48802209999999996,3.501642
0.2358506,0.7691945,3.3979589999999997
0.21497199999999997,0.8778278,3.388556
0.09842367,0.7127147,3.5634330000000003
0.07822856,0.5222003,3.600825
0.05415734,0.3306665,3.628017
0.04564413,0.23961079999999998,3.6434519999999995
0.3470356,0.6366958,3.351036
0.4056876,0.4559787,3.390941
0.3565124,0.2652732,3.3709239999999996
0.2886617,0.2082417,3.3799940000000004
0.1363296,0.2080424,3.595654
0.1749933,-0.10916589999999997,3.7215849999999997
0.2271739,-0.44710150000000004,3.867663
0.1568836,-0.5095578,3.7725989999999996
0.24445170000000002,0.1903165,3.524063
0.32284,-0.1439074,3.5929589999999996
0.3595882,-0.4905941,3.719729
0.32183259999999997,-0.5545148,3.743208
0.23149899999999998,0.699874,3.425911
0.03552251,0.1765089,3.643475
0.08873834,0.2462708,3.5465
0.24842440000000002,0.1354447,3.3313620000000004
0.3072003,0.2413286,3.3426669999999996
0.2154357,0.48864070000000004,3.50297
0.2356511,0.7693215,3.398332
0.2142132,0.8773006,3.3881410000000005
0.09809157,0.7123060999999999,3.562876
0.07794517,0.5218964,3.600636
0.05362576,0.33039959999999996,3.627852
0.04221524,0.23941620000000002,3.6515129999999996
0.34717209999999993,0.6369579000000001,3.351089
0.40809650000000003,0.4567196,3.3900309999999996
0.3269539,0.2790495,3.3513830000000002
0.2620529,0.2218991,3.365386
0.13550779999999998,0.20907179999999997,3.597406
0.1742638,-0.10905060000000001,3.72163
0.2252017000000001,-0.44776279999999996,3.8682309999999998
0.1551287,-0.5102936,3.773029
0.2435605,0.1910721,3.526126
0.32281859999999996,-0.14361310000000002,3.5930160000000004
0.35993400000000003,-0.49067799999999995,3.7197379999999995
0.3217058,-0.5547522,3.742752
0.2311195,0.7001088000000001,3.426511
0.038480099999999996,0.1751586,3.6371290000000003
0.09120321,0.21824120000000002,3.54775
0.2062995,0.1565253,3.314439
0.2475252,0.22479570000000004,3.307718
0.215396,0.48876990000000003,3.5031779999999997
0.2349320000000001,0.7691680999999999,3.398051
0.213653,0.8771114999999999,3.387742
0.09780011,0.7123788000000001,3.562124
0.07787476,0.5218321,3.599503
0.05314364,0.33058709999999997,3.627676
0.04655464,0.23915250000000002,3.644623
0.3474585,0.6390454000000001,3.3516220000000003
0.411209,0.45938090000000004,3.389164
0.2757768,0.3216865,3.337713
0.2267857,0.2779397,3.343408
0.137301,0.20918379999999998,3.5984830000000003
0.17437539999999999,-0.10950730000000004,3.7220269999999998
0.22194850000000002,-0.4469146,3.8654129999999998
0.152294,-0.5096658,3.7700089999999995
0.2450183,0.1929517,3.528344
0.3229145,-0.1429302,3.592622
0.3605644,-0.4905766,3.71926
0.3217547,-0.5543869,3.742236
0.2306589,0.7000721,3.4264339999999995
0.03728605,0.17600079999999999,3.636318
0.0893429,0.2463509,3.5492220000000003
0.1604072,0.2245486,3.280988
0.1740336,0.2545211,3.267334
0.2153342,0.48972089999999996,3.504288
0.2351877,0.7693701999999999,3.398214
0.2136181,0.8771178,3.387721
0.0970597,0.7125334,3.563179
0.07752769999999999,0.5218073000000001,3.6000769999999997
0.05279565,0.33047209999999994,3.627817
0.04020368,0.2373759,3.648052
0.34828899999999996,0.6402521,3.351974
0.41239529999999996,0.4596689000000001,3.386054
0.2704817,0.3447858,3.30896
0.1844306,0.3220185,3.2975529999999997
0.13731,0.2102493,3.600108
0.1740007,-0.10963640000000001,3.721483
0.22077689999999997,-0.44820659999999996,3.8639900000000003
0.1512942,-0.5110340999999999,3.768505
0.24382729999999997,0.19545279999999998,3.531048
0.3229406,-0.14141800000000002,3.5913190000000004
0.3613809,-0.4900656,3.719069
0.3227917,-0.5531364000000001,3.74306
0.23082779999999997,0.7003798999999999,3.4267339999999997
0.03439593,0.17641189999999998,3.6297449999999998
0.07863688,0.1983159,3.5767
0.12878219999999999,0.30296300000000004,3.252801
0.18806810000000002,0.3343744,3.252625
0.2154627,0.4900736,3.504221
0.23535050000000002,0.7694719,3.398535
0.21367039999999998,0.876859,3.387544
0.09730246,0.7119835999999999,3.5610510000000004
0.07772845,0.5240133,3.606646
0.05134126,0.33357070000000005,3.6374800000000014
0.03580828,0.1614286,3.6527529999999997
0.3510741,0.6439064999999999,3.35371
0.4043314,0.4547325,3.3654
0.22320589999999998,0.40529109999999996,3.2949599999999997
0.1382172,0.3961925,3.258353
0.1375836,0.21055839999999998,3.599363
0.17419300000000001,-0.1089122,3.721561
0.2104286,-0.43755340000000004,3.8588620000000002
0.1422055,-0.5007029000000001,3.762343
0.2447772,0.1975799,3.5287
0.322561,-0.1390854,3.5907660000000003
0.3612988,-0.48804309999999995,3.7200629999999997
0.3231823,-0.5541404000000001,3.740672
0.23092929999999998,0.7005283,3.426936
0.03515524,0.09940892,3.661886
0.061606500000000015,0.1570262,3.6304440000000002
0.09239005,0.3877326,3.245706
0.13058730000000002,0.38829020000000003,3.215
0.21718969999999999,0.49168809999999996,3.503161
0.2363341,0.7700058000000001,3.3987489999999996
0.2138853,0.8770336,3.3875260000000003
0.09738569,0.712734,3.5601160000000003
0.07748181,0.5250486,3.6064519999999995
0.05122507,0.3345852,3.637289
0.03580536,0.1626255,3.652648
0.35403049999999997,0.645968,3.3547519999999995
0.3972308,0.45228909999999994,3.349282
0.20898270000000002,0.46471419999999997,3.2831940000000004
0.1253466,0.4763857,3.2425599999999997
0.140289,0.21376900000000001,3.5956629999999996
0.174005,-0.1051912,3.7195519999999997
0.21390679999999998,-0.4374023,3.8604309999999997
0.146463,-0.5006773,3.7631900000000003
0.24919770000000002,0.20028859999999998,3.523972
0.32241790000000004,-0.1363055,3.589721
0.36242009999999997,-0.48574209999999995,3.7185940000000004
0.3236797,-0.5527933,3.7395699999999996
0.2319431,0.7012461999999999,3.4269480000000003
0.04080961,0.101702,3.67026
0.06272306,0.16384229999999994,3.615
0.06751294,0.48530329999999994,3.231887
0.11738399999999999,0.4626951,3.200889
0.21806420000000004,0.493542,3.502824
0.2374275,0.7701772,3.399602
0.21488339999999997,0.8763337,3.387154
0.09774069999999999,0.7175779,3.5591160000000004
0.07897504,0.5292134000000001,3.603884
0.051944000000000004,0.3389917,3.6353779999999998
0.03757668,0.17015629999999998,3.650368
0.3581272,0.6474762,3.356178
0.37815909999999997,0.4519587000000001,3.3089410000000004
0.2001279,0.5295749,3.27184
0.13183920000000002,0.5554113,3.253355
0.1407283,0.2184145,3.5942550000000004
0.17361870000000001,-0.10103510000000004,3.717504
0.2247285,-0.4401916,3.864319
0.1580643,-0.5035433,3.766287
0.25031770000000003,0.20556010000000002,3.520089
0.32154629999999995,-0.1308981,3.5878330000000003
0.3624761,-0.4858712000000001,3.718556
0.3223114,-0.5518313,3.7404589999999995
0.23281079999999998,0.701735,3.427468
0.03825884,0.1034992,3.6631940000000003
0.06769945,0.1619961,3.6127
0.07471922,0.5728797,3.2404319999999998
0.1265628,0.5402539000000001,3.2089999999999996
0.22058579999999997,0.49488760000000004,3.5017699999999996
0.24122570000000002,0.7704173000000001,3.4007980000000004
0.2172127,0.8748551,3.3865589999999997
0.10017910000000001,0.7205180999999999,3.5585080000000002
0.08013986,0.5323123000000001,3.6034089999999996
0.05228406,0.3420922,3.634439
0.0375876,0.17107239999999999,3.6478349999999997
0.36629179999999995,0.6554974,3.355868
0.37007009999999996,0.46235950000000003,3.29164
0.2274393,0.5424944,3.2569999999999997
0.13106610000000002,0.6193923000000001,3.239855
0.1433922,0.2200665,3.5883339999999997
0.17361379999999998,-0.09786421,3.715008
0.22478360000000008,-0.44099520000000003,3.864603
0.1591342,-0.5043734999999999,3.765591
0.25189670000000003,0.2073737,3.518761
0.3213022,-0.1292876,3.587163
0.3629686,-0.48694160000000003,3.718754
0.322973,-0.5520430000000001,3.7395339999999995
0.2360945,0.7023368000000001,3.42804
0.03907012,0.1025866,3.660528
0.05810991,0.131995,3.6302
0.0840954,0.6465959,3.237527
0.1173481,0.6061985,3.2016430000000002
0.2224565,0.49407929999999994,3.501613
0.24406889999999998,0.770568,3.402042
0.21865189999999998,0.8739376,3.386968
0.09853625,0.6599636999999999,3.5316980000000004
0.07597739999999999,0.48636670000000004,3.6082449999999997
0.04621278,0.2974724,3.642957
0.03874755,0.17308929999999995,3.6506269999999996
0.3694606,0.6594008000000001,3.3551379999999997
0.3574005,0.4842079000000001,3.267179
0.22362670000000004,0.5576156,3.2431650000000003
0.16730770000000006,0.6418818000000001,3.244198
0.1429465,0.21717070000000002,3.587156
0.1734113,-0.09958941,3.715871
0.2210946,-0.44886149999999997,3.865388
0.1636275,-0.5135915,3.760616
0.257312,0.2027366,3.517246
0.3221266,-0.133674,3.5890519999999997
0.3599607,-0.48118130000000003,3.7184550000000014
0.3234054,-0.5511439,3.739922
0.238669,0.7022638000000001,3.428903
0.04027503,0.11127650000000001,3.657777
0.06102304,0.1429162,3.6263389999999998
0.0997,0.6856260000000001,3.232078
0.1161674,0.6595228,3.209875
0.22342710000000002,0.494457,3.4992970000000003
0.245054,0.7718569000000001,3.400318
0.21894539999999998,0.8737413,3.3835629999999997
0.09747045,0.6743213,3.54074
0.07636487,0.4966933,3.6101379999999996
0.04755327,0.3066998,3.64099
0.04259846,0.1762757,3.6445559999999997
0.367427,0.6637761,3.351145
0.336658,0.5056611,3.238221
0.201732,0.6122031,3.2198439999999997
0.1570547,0.6928264000000001,3.235042
0.14272200000000002,0.2157448,3.5848839999999997
0.17336500000000002,-0.09989908,3.715558
0.2206315,-0.4503951,3.865237000000002
0.15977550000000001,-0.5144466,3.762611
0.25830749999999997,0.202318,3.51444
0.32150209999999996,-0.13353289999999998,3.588793
0.361617,-0.4799923,3.717029
0.32374640000000005,-0.5510831,3.741284
0.23967979999999997,0.7033644,3.4271059999999998
0.04493379,0.11179549999999999,3.6615269999999995
0.07014293,0.16744920000000002,3.614444
0.09975369999999999,0.7388768,3.2353680000000002
0.1191845,0.7027551999999999,3.2038889999999998
0.2236104,0.495328,3.4956419999999997
0.24373209999999998,0.7742196,3.3946629999999995
0.21753119999999998,0.8760716000000001,3.3778099999999998
0.09860233,0.6895691999999999,3.546067
0.0777204,0.5086685000000001,3.6088370000000003
0.0479381,0.3186775,3.63922
0.04097579,0.179743,3.6485160000000003
0.3656222,0.672461,3.3488379999999998
0.3325479,0.5094625,3.227004
0.20530860000000006,0.6406605,3.232122
0.16009020000000002,0.7198827,3.242055
0.1429753,0.2143507,3.582635
0.17340229999999998,-0.1001571,3.715346
0.22094650000000002,-0.44977609999999996,3.864911
0.1579797,-0.5135912,3.7639169999999997
0.2593879,0.2030265,3.512736
0.32070529999999997,-0.13292779999999998,3.5878660000000004
0.3628215,-0.4789067,3.7164699999999997
0.3244848,-0.5518522,3.741718
0.23886529999999997,0.7053435,3.4220910000000004
0.04479579,0.11145530000000001,3.65036
0.06987101,0.1768816,3.608143
0.1103882,0.768699,3.255478
0.12379860000000001,0.7247725,3.2211819999999998
0.22380799999999998,0.49517799999999995,3.495112
0.24441479999999996,0.774273,3.3936629999999997
0.2150589,0.8741021999999999,3.3756839999999997
0.09861267,0.6944863,3.5503519999999997
0.07859737,0.5128589,3.6117660000000003
0.04934261,0.3220196,3.6386309999999997
0.04209448,0.1831232,3.645228
0.3626336,0.6767545,3.3464730000000005
0.3300765,0.5151305,3.219737
0.20716700000000002,0.6424139,3.230541
0.163406,0.7230449999999999,3.2417439999999997
0.14301429999999998,0.2135714,3.582261
0.17290450000000002,-0.1010196,3.7149059999999996
0.2209973,-0.4433914000000001,3.864788
0.156254,-0.5069097,3.7650940000000004
0.2590642,0.2027918,3.512739
0.3200168,-0.13333820000000002,3.587565
0.36300459999999996,-0.47876409999999997,3.716279
0.32407470000000005,-0.5518423000000001,3.7413589999999997
0.23940789999999998,0.7053598000000001,3.4212239999999996
0.03505393,0.1191405,3.6525980000000002
0.06966405,0.1905001,3.60425
0.10665419999999999,0.7757175000000001,3.267675
0.1270143,0.7323430000000001,3.224312
0.2232922,0.49523829999999996,3.494878
0.2442473,0.7743175999999999,3.392558
0.2128185,0.8727621999999999,3.373883
0.09947909,0.7124753,3.5655669999999997
0.08045522,0.5262220000000001,3.6161019999999997
0.05169301,0.3343791,3.6383330000000003
0.04344502,0.1831076,3.646959
0.3571453,0.6676104,3.342936
0.3281719,0.5211967000000001,3.218267
0.209351,0.6505963,3.232564
0.15844170000000002,0.7293543,3.244863
0.1424155,0.2131143,3.5830559999999996
0.17280379999999998,-0.1017944,3.715036
0.22556729999999997,-0.4479335999999999,3.866107
0.15569960000000002,-0.5103162,3.770515
0.25424610000000003,0.2036521,3.514218
0.31928670000000003,-0.1326405,3.586303
0.3614144,-0.48206720000000003,3.7184559999999998
0.32471669999999997,-0.5511875,3.735954
0.2391506,0.7054314,3.4204309999999998
0.04655669999999999,0.11252739999999999,3.6582769999999996
0.06894448,0.1562422,3.6086669999999996
0.1124399,0.7776625,3.263529
0.1161241,0.7421436,3.2284439999999996
0.22331279999999998,0.4950767,3.49479
0.2447172,0.7743464,3.3920489999999996
0.20988579999999998,0.8703939,3.3723050000000003
0.09963433,0.7123345,3.567966
0.08177546,0.5260781999999999,3.618788
0.05480507,0.3334891,3.6381589999999995
0.04705612,0.1703473,3.6484449999999997
0.35486090000000003,0.6630645000000001,3.3419849999999998
0.3193931,0.5233551,3.2146
0.20862750000000002,0.6495333000000001,3.230669
0.15420599999999998,0.7254034,3.248097
0.14266389999999998,0.2111803,3.583791
0.1727559,-0.1038215,3.715614
0.2242507,-0.4476018,3.865107
0.15336570000000002,-0.5097402,3.770403
0.2532746,0.2030525,3.5145769999999996
0.3192188,-0.13315639999999998,3.586349
0.3603867,-0.4827087000000001,3.718675
0.3240323,-0.552313,3.735686
0.23945929999999999,0.7054005999999999,3.420065
0.04483934,0.1115945,3.6548599999999998
0.07194617,0.179569,3.606143
0.1239787,0.7794423,3.265669
0.118805,0.7330260000000001,3.2222720000000002
0.22242270000000008,0.4940077000000001,3.4950690000000004
0.2438676,0.7736464,3.392065
0.20907489999999998,0.8694306999999999,3.372009
0.096453,0.698974,3.583497
0.08068505,0.5113637,3.6308589999999996
0.05372415,0.31859679999999996,3.648761
0.04730393,0.17781770000000002,3.657051
0.354468,0.6623781999999999,3.3420970000000003
0.31634320000000005,0.523425,3.21648
0.21075820000000006,0.6200106,3.220495
0.1635671,0.6902874,3.236443
0.1423256,0.209078,3.584402
0.1730649,-0.1059619,3.71599
0.2277406,-0.4478685000000001,3.8665589999999996
0.1551205,-0.5096067,3.773414
0.2518172,0.20163699999999998,3.5159550000000004
0.3194852,-0.1345283,3.5867489999999997
0.36231149999999995,-0.48063249999999996,3.7169769999999995
0.3238973,-0.5516483,3.7367489999999997
0.2386439,0.7046669,3.420114
0.04825,0.11263599999999999,3.6671139999999998
0.07074575,0.1516445,3.616833
0.1077952,0.7363759,3.237274
0.1125565,0.7190462,3.2146
0.22285639999999998,0.49343729999999997,3.4943519999999997
0.2434808,0.7731147,3.3918470000000003
0.2079030000000001,0.8683598,3.371605
0.09678596,0.6969057,3.5739440000000005
0.0816268,0.5117771,3.628075
0.05495686,0.3202472,3.6532980000000004
0.04660599,0.1825735,3.666818
0.35415599999999997,0.6618048000000001,3.342186
0.31129819999999997,0.5222933,3.219631
0.20777470000000006,0.6213291999999999,3.221423
0.15958640000000002,0.6852071999999999,3.236271
0.1444441,0.2073857,3.58359
0.1737793,-0.10723579999999999,3.716135
0.21557649999999998,-0.4371866,3.862027
0.1445257,-0.4994035,3.767576
0.2553712,0.20176989999999997,3.512414
0.31960479999999997,-0.1340286,3.586332
0.3635992,-0.4860191,3.7179309999999997
0.3235024,-0.5522128000000001,3.7371449999999995
0.238467,0.7042076999999999,3.4198160000000004
0.04372751,0.1135639,3.6735010000000003
0.06835805,0.17988510000000002,3.6215
0.1164606,0.7415286999999999,3.23241
0.10400699999999999,0.7187133000000001,3.20725
0.2232576,0.4927354000000001,3.492899
0.2425174,0.7725831999999999,3.3921879999999995
0.20642870000000002,0.8659927,3.370211
0.09672622,0.6951364999999999,3.571075
0.08219364,0.5112671,3.6284129999999997
0.05587534,0.3200261,3.6553169999999997
0.04885888,0.18651779999999998,3.6707050000000003
0.35338990000000003,0.6613015999999999,3.342015
0.29737990000000003,0.5160647,3.214156
0.1966317,0.6370395000000001,3.2260310000000003
0.1381156,0.7113764,3.2404029999999997
0.14772960000000002,0.2057558,3.5793449999999996
0.1746758,-0.10698389999999999,3.7155449999999997
0.21803029999999998,-0.4379848,3.861714
0.14727079999999998,-0.5001916000000001,3.7669019999999995
0.2598955,0.200452,3.503455
0.3201204,-0.1336733,3.5841589999999997
0.3640285,-0.4876862,3.7179230000000003
0.3226266,-0.5532588,3.737026
0.2380094,0.7038181,3.419764
0.05180875,0.12061489999999996,3.6758589999999995
0.07061181,0.19048510000000002,3.63
0.10512339999999999,0.7677781,3.265182
0.09857013,0.7223923000000001,3.220417
0.22407710000000008,0.4921326,3.4920739999999997
0.2421819,0.7723482,3.3923690000000004
0.2046132,0.8643774,3.3697269999999997
0.09680516,0.6950386,3.569724
0.08258165,0.5117201,3.628429
0.05686049,0.32107990000000003,3.6585379999999996
0.04639983,0.18689289999999997,3.683807
0.35150240000000005,0.6602189,3.3409190000000004
0.2948498,0.5178056,3.21043
0.1963914,0.6378149999999999,3.226682
0.1400789,0.7122769,3.2400330000000004
0.15060320000000002,0.2046039,3.5785730000000004
0.1749385,-0.1077038,3.7158830000000003
0.21316469999999998,-0.4362245,3.8578330000000003
0.1421836,-0.4984005999999999,3.7632730000000003
0.2629106,0.1993601,3.500196
0.32063909999999995,-0.1340743,3.5839339999999997
0.3634303,-0.4874958,3.718411
0.3226751,-0.5535838000000001,3.7372900000000002
0.2379093,0.703624,3.4197589999999995
0.05198466,0.12270070000000001,3.688192
0.06791012,0.1817733,3.6421669999999997
0.1065891,0.7641201999999999,3.252682
0.09303596,0.7268387,3.206143
0.22461399999999998,0.4919246,3.4907760000000003
0.2418556,0.7723797,3.3915699999999998
0.20413889999999998,0.8644676,3.3690620000000004
0.09673479,0.6952951999999999,3.5712870000000003
0.08220842,0.5130864,3.632488
0.05694253,0.32243390000000005,3.6628190000000003
0.04557755,0.1879729,3.6897830000000003
0.349815,0.6589616999999999,3.33987
0.29301109999999997,0.5188674,3.205998
0.1965836,0.6381234,3.2266790000000003
0.1398404,0.7148966999999999,3.2430630000000003
0.15200120000000006,0.2040638,3.577293
0.1751802,-0.1075395,3.715954
0.21840860000000006,-0.4433497,3.8598510000000004
0.1467056,-0.5053376,3.765944
0.263074,0.1993183,3.500112
0.32097420000000004,-0.1342094,3.5835209999999997
0.36237800000000003,-0.48837579999999997,3.7183260000000002
0.32214770000000004,-0.5549731999999999,3.736874
0.2377533,0.7035679,3.418821
0.04910818,0.1223942,3.699425
0.06500547,0.17208199999999998,3.674182
0.1090288,0.7723778,3.259801
0.09469235,0.7261576,3.22575
0.22424650000000002,0.4919295,3.491019
0.2406541,0.7723331999999999,3.391357
0.2032819,0.8645864,3.3688260000000003
0.0971531,0.6951103,3.568218
0.08251227,0.5153604,3.6347370000000003
0.05803064,0.3254296,3.668623
0.04424765,0.189797,3.7031980000000004
0.34917259999999994,0.6588638000000001,3.339768
0.2928878,0.5189168,3.206118
0.196661,0.6382018,3.22663
0.1407836,0.7148175,3.242887
0.15193620000000002,0.20380220000000002,3.578156
0.17558310000000002,-0.1075952,3.7170919999999996
0.22018429999999997,-0.44320459999999995,3.861267
0.1488396,-0.5053731,3.767122
0.2608818,0.2008681,3.505401
0.3213508,-0.13393570000000002,3.584139
0.3620328,-0.48915810000000004,3.718526
0.32074020000000003,-0.5532228,3.7395980000000004
0.2368343,0.703505,3.418732
0.03914013,0.1290145,3.715025
0.06389137,0.1863507,3.669643
0.1060693,0.7721968000000001,3.261677
0.09114171,0.7329479,3.2275709999999997
0.22125389999999998,0.4911828,3.497437
0.2406488,0.772339,3.3913290000000003
0.20305789999999999,0.8643618000000001,3.368675
0.09727936,0.6951733,3.5671440000000003
0.08379755,0.5159849,3.63501
0.05824691,0.3273153,3.67328
0.04519635,0.1942553,3.708468
0.3488833,0.6586033,3.339379
0.29239699999999996,0.5197944,3.2051220000000002
0.197615,0.6253846,3.216078
0.15891929999999999,0.6868707,3.232222
0.14075179999999998,0.2047858,3.602444
0.17603210000000002,-0.1152628,3.7236809999999996
0.2218774,-0.44669949999999997,3.863398
0.1508799,-0.509458,3.7695269999999996
0.2429474,0.1925312,3.543282
0.323952,-0.14630120000000002,3.588504
0.3626001,-0.4901,3.7193989999999997
0.3202772,-0.5533118,3.740799
0.23666479999999998,0.7034642,3.418969
0.04712147,0.1248753,3.724994
0.07034773,0.15943110000000002,3.6823330000000003
0.11843310000000001,0.7408939999999999,3.235697
0.1055248,0.725835,3.2138
0.21934859999999998,0.4907677,3.499908
0.2402465,0.7720675,3.391218
0.2023526,0.8635470999999999,3.368168
0.0971041,0.6946118,3.5673209999999997
0.08421209,0.5164047,3.6372419999999996
0.05865757,0.327914,3.6761699999999995
0.04457052,0.1896118,3.7127730000000003
0.34590920000000003,0.6693824,3.336836
0.29082779999999997,0.5205652,3.204137
0.1808746,0.6717261999999999,3.2456869999999998
0.1378425,0.7514803000000001,3.266207
0.1399999,0.2050379,3.603212
0.17642370000000002,-0.1152981,3.723638
0.2220969,-0.4466077,3.863342
0.1505875,-0.509258,3.769945
0.24254629999999996,0.1927874,3.543746
0.3241929,-0.1457531,3.588103
0.3634587,-0.4898574000000001,3.718907
0.32057440000000004,-0.5528327,3.7402059999999997
0.2359113,0.7030829000000001,3.4193300000000004
0.04277071,0.12735660000000001,3.732847
0.06318058,0.1798718,3.68025
0.1291617,0.8142444999999999,3.283042
0.09487966,0.7328601,3.220137
0.21936509999999998,0.49087040000000004,3.499764
0.23941410000000002,0.7714821,3.3916459999999997
0.2004211,0.8624642,3.368696
0.09667956,0.6947505999999999,3.568456
0.08440205,0.5175624,3.640449
0.05903902,0.3296812,3.681657
0.04622756,0.1912906,3.719433
0.34540040000000005,0.6706300999999999,3.3363669999999996
0.2897217,0.5209318000000001,3.2051580000000004
0.18021120000000002,0.6725414000000001,3.24631
0.13666879999999998,0.7514954,3.270332
0.1433659,0.2061826,3.600389
0.1768597,-0.11350710000000001,3.7227370000000004
0.2203712,-0.4449419,3.863182
0.14856270000000002,-0.5074198000000001,3.769944
0.248889,0.2026402,3.523428
0.3218581,-0.1353691,3.5849870000000004
0.36282570000000003,-0.4904903000000001,3.7200699999999998
0.320653,-0.5526795999999999,3.7427910000000004
0.23531010000000002,0.7027308000000001,3.4196760000000004
0.042505699999999993,0.12954680000000002,3.733546
0.06474864,0.187362,3.681889
0.1248307,0.8063024999999999,3.278482
0.1976729,0.7783713000000001,3.298
0.21948070000000008,0.4907399,3.499374
0.2383487,0.7708628000000001,3.392042
0.19804249999999998,0.8605804,3.368558
0.09678379,0.6940464,3.5691940000000004
0.08492246,0.5172764,3.642031
0.05927378,0.32944450000000003,3.683269
0.04953074,0.18828720000000002,3.715322
0.3447872,0.6707907,3.335817
0.2886886,0.5190541,3.207296
0.1797422,0.6710861,3.248384
0.1372102,0.7502717,3.2728200000000003
0.1466583,0.20619780000000001,3.597436
0.1761198,-0.1131388,3.7212629999999995
0.2126562,-0.4408974,3.856531
0.1405968,-0.5032867999999999,3.7635300000000003
0.2512737,0.2013676,3.51895
0.3220217,-0.1357672,3.584793
0.3636656,-0.4894394,3.719351
0.321184,-0.554473,3.7383580000000003
0.2345864,0.7022465,3.419939
0.04741244,0.130715,3.725025
0.06692813,0.19054000000000001,3.679
0.1160097,0.8145055,3.281643
0.20218,0.7748392,3.2943260000000003
0.21984339999999997,0.4902219,3.498893
0.2379114,0.7687699,3.3920730000000003
0.19645520000000002,0.8582982,3.3691
0.09452135,0.6930451999999999,3.578351
0.08483252,0.51437,3.647681
0.05952058,0.3259381,3.686889
0.05517294,0.19408920000000002,3.717282
0.34384440000000005,0.671263,3.3352449999999996
0.2874029000000001,0.5175343,3.2082669999999998
0.17888959999999998,0.6698956,3.2492810000000003
0.1351196,0.7488895999999999,3.276686
0.1491812,0.20541410000000002,3.596447
0.1758379,-0.11434100000000001,3.719961
0.2146096,-0.44198679999999996,3.8574309999999996
0.14128429999999995,-0.5040626,3.7656099999999997
0.2516701,0.2019753,3.517404
0.3216934,-0.13495639999999998,3.5843870000000004
0.3624051,-0.48560299999999995,3.718378
0.3221819,-0.5523725,3.736729
0.2342899,0.7006051999999999,3.419985
0.05421007,0.1341621,3.7263580000000003
0.07116771,0.1954415,3.682
0.12206030000000001,0.8126248,3.2836440000000002
0.1989021,0.7772460999999999,3.2957970000000003
0.2197744,0.4899544,3.499101
0.23600589999999996,0.7663386999999999,3.3930949999999998
0.1944378,0.8555494,3.369903
0.09549869999999999,0.6909243,3.5761830000000003
0.08818428,0.5112712,3.643733
0.06315497,0.322558,3.6820230000000014
0.06131083,0.1928447,3.7151730000000014
0.3429242,0.6713591,3.334453
0.2866209,0.5152890999999999,3.2095700000000003
0.1777622,0.6672842,3.250961
0.13439820000000002,0.7515094,3.279413
0.15016179999999998,0.2057455,3.597043
0.1753797,-0.1146817,3.719521
0.217381,-0.443591,3.8587879999999997
0.14406170000000001,-0.5057225000000001,3.767011
0.2518038,0.2021542,3.517527
0.3215054,-0.13502650000000002,3.583967
0.3625824,-0.4856087000000001,3.718207
0.3214867,-0.5519510999999999,3.739123
0.2327842,0.6986651,3.421044
0.0608919,0.1305387,3.7196910000000014
0.07232410000000003,0.19486879999999998,3.6808669999999997
0.12422280000000001,0.8108810000000001,3.2820199999999997
0.19463239999999998,0.7693466999999999,3.299547
0.2203537,0.4889049,3.499591000000001
0.235623,0.7648946999999999,3.394485
0.1928079,0.8531754999999999,3.371144
0.09550693,0.6915448000000001,3.5773580000000003
0.09242949,0.5209544,3.661632
0.06568311,0.3340006,3.705338
0.06422937,0.2357415,3.714689
0.3438002,0.6669941999999999,3.3361389999999997
0.2861925,0.5148397,3.210124
0.177325,0.666806,3.2515810000000003
0.121343,0.7362880999999999,3.26474
0.1522488,0.20508339999999997,3.597532
0.1752187,-0.11553510000000004,3.7199739999999997
0.22248249999999997,-0.4459298,3.8631580000000003
0.149206,-0.5080863,3.771326
0.25329320000000005,0.2007114,3.5170760000000003
0.32197059999999994,-0.13640429999999998,3.584329
0.3620712,-0.4840574,3.7185080000000004
0.3221139,-0.5514114999999999,3.7398730000000002
0.23255140000000002,0.6971892,3.42237
0.06031345,0.1719167,3.7138760000000004
0.07544945,0.2001862,3.673857
0.1159904,0.8143457,3.2809760000000003
0.1636819,0.7758510999999999,3.281
0.22090990000000002,0.4887722,3.4986699999999997
0.23546060000000002,0.7648709,3.3940930000000002
0.1915891,0.8521466000000001,3.3704099999999997
0.09607180000000001,0.6912522,3.5760620000000003
0.09330624,0.519457,3.65836
0.06824899,0.3318947,3.700795
0.06561804,0.2310455,3.703129
0.3425218,0.6694453,3.3346440000000004
0.2845519,0.5175635999999999,3.207218
0.18514660000000002,0.6206428,3.208175
0.14936259999999998,0.6763988000000001,3.231673
0.1541504,0.20521639999999997,3.5963849999999997
0.1753757,-0.1151278,3.7196059999999997
0.21598409999999998,-0.44629650000000004,3.8591330000000004
0.1425461,-0.5084069999999999,3.767525
0.2553594,0.20036310000000002,3.514411
0.3220552,-0.13633720000000002,3.5841629999999998
0.3625953,-0.4837933,3.7182150000000003
0.3228864,-0.5516894,3.73903
0.23246950000000002,0.6971303000000001,3.4220029999999997
0.06005179,0.1711645,3.6977330000000004
0.07563610000000001,0.19220689999999999,3.6677779999999998
0.1065675,0.7303813,3.232151
0.1292903,0.7309286,3.239
0.2209165,0.48880680000000004,3.498707
0.2349812,0.7653535,3.3935910000000002
0.19112590000000002,0.8528444,3.3700919999999996
0.09614275,0.6913847,3.5759769999999995
0.09336117,0.5196214,3.658329
0.06864987,0.3320694,3.700957
0.06761742,0.23414110000000002,3.7072279999999997
0.3429379,0.6670769,3.33495
0.2848039,0.5186225999999999,3.205355
0.15709379999999998,0.6632333,3.219177
0.1182184,0.7281858,3.2460560000000003
0.15445910000000002,0.2055047,3.597352
0.1756604,-0.115048,3.720182
0.21074110000000001,-0.441349,3.856691000000001
0.1374412,-0.5035927,3.765068
0.2558975,0.19985350000000002,3.515672
0.3223413,-0.13721689999999998,3.584446
0.3625963,-0.48379269999999996,3.7182129999999995
0.324228,-0.5505304,3.7380980000000004
0.2321667,0.6973986999999999,3.421793
0.06196619,0.17200929999999998,3.7164989999999998
0.07740586,0.23512870000000002,3.669625
0.09193237,0.7708897,3.2561080000000002
0.1242212,0.7613833999999999,3.250625
0.2208995,0.4888357,3.498599
0.23455700000000002,0.7667076999999999,3.392125
0.1906598,0.8555475,3.3699480000000004
0.09674879,0.6919727,3.574963
0.09384067,0.5194356,3.656017
0.07070491,0.3320074,3.6997410000000004
0.06541185,0.2243493,3.704097
0.3433524000000001,0.6661325,3.33525
0.28536880000000003,0.524197,3.20033
0.16122,0.6698949000000001,3.223353
0.120316,0.7353851,3.246673
0.15449520000000005,0.2044126,3.597198
0.1761421,-0.1155242,3.721112
0.20805700000000002,-0.439669,3.8557059999999996
0.134949,-0.5020282,3.763987
0.2558512,0.19952779999999998,3.51675
0.322577,-0.137771,3.5846400000000003
0.3625762,-0.48270329999999995,3.717135
0.3242465,-0.5506269,3.737806
0.2318201,0.6982026,3.420874
0.0644575,0.16271660000000002,3.7024480000000004
0.07375929,0.20563270000000008,3.668501
0.09807774,0.7789689999999999,3.257771
0.153548,0.7518517,3.286
0.2210117,0.48876709999999995,3.498477
0.2345952000000001,0.7669256,3.391773
0.1904905,0.8558484000000001,3.3698050000000004
0.09676961,0.6957939000000001,3.577499
0.09415513,0.5218018,3.656072
0.07130914,0.3336544,3.697492
0.0660488,0.2260129,3.701251
0.3435625,0.6655191999999999,3.335454
0.2821614,0.5341197,3.19846
0.17212979999999994,0.6684287,3.227805
0.1258638,0.7365901,3.248782
0.1549035,0.202657,3.59608
0.17680929999999995,-0.11616230000000001,3.7220190000000004
0.2136974,-0.44319929999999996,3.859114
0.1401085,-0.5054356,3.767832
0.25625010000000004,0.1994493,3.517865
0.3232216,-0.1381442,3.584688
0.36270549999999996,-0.4827451,3.7170699999999997
0.3241385,-0.5510681,3.73995
0.2318422,0.6983216,3.4206230000000004
0.0672922,0.1618005,3.698186
0.07496773,0.1965127,3.6692730000000013
0.10575760000000001,0.7893979999999999,3.275465
0.14368770000000006,0.7604091,3.258091
0.221036,0.488861,3.4983779999999998
0.23463649999999997,0.7673759,3.3913919999999997
0.1901139,0.8563061,3.369686
0.09685663,0.6971191,3.578822
0.09513157,0.5168518,3.6454230000000014
0.07139366,0.3271861,3.680766
0.06288018,0.1893995,3.6997379999999995
0.34029499999999996,0.6735018,3.334051
0.28436849999999997,0.5336173000000001,3.1964919999999997
0.1722371,0.6682812,3.2276580000000004
0.1266019,0.7371941999999999,3.250484
0.1549189,0.2027389,3.5961160000000003
0.17700529999999998,-0.115922,3.7223269999999995
0.21951820000000002,-0.4430939999999999,3.862537
0.1451708,-0.5051574000000001,3.771953
0.2561552,0.1993584,3.517918
0.324256,-0.1381326,3.584321
0.36298420000000003,-0.48219359999999994,3.715958
0.323922,-0.5495142,3.745231
0.2318373,0.6986729,3.420325
0.06233476,0.1367554,3.7045230000000013
0.07843655,0.20672820000000008,3.6532
0.1201762,0.8049505,3.281251
0.1508049,0.7462573,3.2489999999999997
0.22146860000000002,0.48884520000000004,3.4981980000000004
0.2351215,0.7673498000000001,3.391468
0.18980999999999998,0.8560754999999999,3.370068
0.09701330000000001,0.6967534000000001,3.578881
0.09589478,0.5161377,3.6447540000000003
0.07271737,0.32639120000000005,3.680045
0.06288761,0.1857271,3.694314
0.33935740000000003,0.6751018,3.333671
0.2838313,0.5331968,3.196698
0.1790068,0.6549928,3.2221450000000003
0.1272462,0.7264344,3.2466060000000003
0.155361,0.2029103,3.595889
0.17701050000000002,-0.1158502,3.721979
0.2196411,-0.44289890000000004,3.8625410000000002
0.14510499999999998,-0.5048959,3.7721199999999997
0.2562703,0.1992806,3.517558
0.32440749999999996,-0.1381568,3.5841010000000004
0.3631841,-0.4830746,3.7162230000000003
0.3237373,-0.5509390000000001,3.743841
0.23222039999999997,0.6986619000000001,3.420332
0.0640237,0.1232381,3.704358
0.0784735,0.19279129999999997,3.6548
0.10255439999999999,0.7819001999999999,3.270528
0.1321231,0.7730963000000001,3.2666
0.22129189999999999,0.48908329999999994,3.498439
0.2339739,0.7677789,3.3912730000000004
0.1891069,0.8565562,3.369617
0.09879168,0.6956899000000001,3.5792029999999997
0.1002502,0.5183848,3.6516949999999997
0.08183169,0.32687009999999994,3.681689
0.06542522,0.233375,3.688297
0.3392142,0.6755179,3.3339019999999997
0.2834567,0.5332991,3.197375
0.18074400000000002,0.6645052,3.235293
0.12619,0.740079,3.258283
0.15669960000000002,0.2045616,3.600178
0.1773642,-0.11641889999999999,3.722228
0.21946390000000002,-0.4420949000000001,3.861636
0.14474520000000002,-0.5041475999999999,3.7715120000000004
0.256276,0.19932439999999998,3.51766
0.3242786,-0.1381359,3.584221
0.3631364,-0.4832666,3.716335
0.3223531,-0.5486161,3.7424720000000002
0.231352,0.6990514,3.420296
0.053183400000000006,0.17012049999999998,3.6866440000000003
0.0796115,0.21239670000000002,3.637857
0.1131086,0.8068781,3.28365
0.1422386,0.7910593,3.277429
0.22140279999999998,0.4888183,3.4979720000000003
0.2337196,0.7676090999999999,3.39119
0.1890125,0.8567431999999999,3.369795
0.09880191,0.6956694999999999,3.57921
0.10029550000000001,0.5183215999999999,3.651619
0.07444643,0.32813159999999997,3.683674
0.06314627,0.20677779999999998,3.68906
0.3394095,0.6760027,3.333915
0.2861046,0.5299304,3.2009
0.19858510000000001,0.642649,3.223195
0.1371394,0.718176,3.24533
0.15761429999999998,0.2030122,3.597968
0.1773549,-0.1169754,3.722003
0.2199432000000001,-0.4422793,3.861535
0.14525739999999998,-0.5043331,3.7713660000000004
0.2571108,0.19931129999999997,3.5164480000000005
0.3242788,-0.1379701,3.5840940000000003
0.36331729999999995,-0.4857132000000001,3.716679
0.3250107,-0.5492285,3.7403739999999996
0.23116,0.6988876,3.420146
0.059971400000000015,0.1406329,3.692309
0.07908464,0.19094229999999998,3.6492730000000004
0.11456300000000001,0.7823488000000001,3.266669
0.1423128,0.758257,3.2686669999999998
0.22133809999999998,0.4891071,3.498557
0.23363299999999998,0.7681103,3.391287
0.1885753,0.8570098,3.3698699999999997
0.09870645,0.6966661999999999,3.579849
0.10021039999999999,0.5193233,3.652276
0.07438789,0.3288592,3.6831660000000004
0.06341214,0.20600149999999998,3.688681
0.3391037,0.6763147,3.334366
0.2859322,0.5300727,3.2008509999999997
0.1979021,0.6433017,3.2205340000000002
0.1384249,0.7180468000000001,3.247487
0.157296,0.20355479999999998,3.600147
0.1773565,-0.1173803,3.72234
0.22059279999999998,-0.44284179999999995,3.86195
0.1458661,-0.5049358,3.7718809999999996
0.256758,0.198848,3.518296
0.3245031,-0.13878959999999999,3.584455
0.3633263,-0.4857268,3.716881
0.3251281,-0.5501024,3.739618
0.23105079999999997,0.6993191,3.420332
0.05944645,0.1422225,3.700134
0.08142906,0.19627920000000001,3.6450370000000003
0.1110825,0.7793760000000001,3.260098
0.15035079999999998,0.7350594,3.2505
0.2212723,0.4890503,3.498795
0.2336837,0.7681720999999999,3.391324
0.1885983,0.8575865,3.370451
0.09894077,0.6963439,3.5793739999999996
0.09937634,0.5193272,3.6524389999999998
0.07425898,0.3287483,3.683235
0.06217809,0.2061530000000001,3.6892379999999996
0.3407946,0.6716709,3.336502
0.2808177,0.5358178000000001,3.198223
0.1659685,0.6858072,3.2322330000000004
0.13173220000000002,0.7633768,3.269304
0.1564055,0.2032295,3.601085
0.17723160000000002,-0.11790830000000001,3.722775
0.22068569999999998,-0.4431069,3.861999
0.1464355,-0.5053282,3.771463
0.2563623,0.19828929999999997,3.5190059999999996
0.32469349999999997,-0.1393485,3.5847589999999996
0.36363690000000004,-0.4854507000000001,3.716591
0.32462009999999997,-0.5506186,3.739269
0.2310643,0.6993545999999999,3.420383
0.06003873,0.1408294,3.6974519999999997
0.07636427,0.179609,3.649375
0.1201989,0.8283874,3.28283
0.17826140000000001,0.77408,3.2976
0.2212468,0.4891138,3.498906
0.23366820000000002,0.7681973000000001,3.391347
0.18933029999999998,0.8583955,3.370804
0.09892137,0.6969458000000001,3.5796050000000004
0.09780264,0.5201572,3.653111
0.07413973,0.329229,3.68318
0.06027466,0.20377179999999998,3.688989
0.3416177,0.6753533,3.338639
0.2808422,0.5354211999999999,3.19804
0.1660846,0.6849741,3.233678
0.1329025,0.7603218,3.269669
0.1561448,0.2036542,3.601275
0.17749620000000002,-0.11753569999999999,3.722801
0.2250312,-0.44601369999999996,3.86416
0.1512447,-0.5083491,3.7731489999999996
0.2563958,0.1982629,3.5192769999999998
0.32523040000000003,-0.1393652,3.584722
0.363347,-0.4850532,3.7167230000000004
0.3227972,-0.5506518,3.7402620000000004
0.23103400000000002,0.6993933000000001,3.4204239999999997
0.05928106,0.1417681,3.6884669999999997
0.08206909,0.1959154,3.637
0.1153299,0.8291062,3.2838800000000004
0.1773234,0.7715770000000001,3.3000160000000003
0.22124560000000001,0.48973059999999996,3.4991980000000003
0.2336936,0.7691291,3.391455
0.19071470000000001,0.8608574000000001,3.371654
0.09857427,0.6970656999999999,3.5808370000000003
0.09187979,0.5145702,3.64238
0.07262097,0.3235613,3.6742160000000004
0.061782400000000015,0.1919017,3.6860449999999996
0.342206,0.6766112,3.33958
0.2842674000000001,0.5310835999999999,3.2017439999999997
0.1656526,0.6790745,3.2328799999999998
0.13388470000000002,0.7552019,3.267001
0.156094,0.2037892,3.60141
0.1778636,-0.11711010000000001,3.723439
0.2257655,-0.4470888,3.8653239999999998
0.1521066,-0.5094541,3.7741910000000014
0.2562914,0.19912149999999998,3.519979
0.3257393,-0.138605,3.584735
0.3636196,-0.48524670000000003,3.7166589999999995
0.3233554,-0.5501385,3.740789
0.2310147,0.7002520999999999,3.420582
0.06215741,0.121234,3.694692
0.08162080000000001,0.178715,3.6410910000000003
0.12411019999999999,0.8280213,3.279629
0.18078629999999998,0.77862,3.2917980000000004
0.2217166,0.49036850000000004,3.5002440000000004
0.23388779999999998,0.7696101,3.3945879999999997
0.1925771,0.8625646999999999,3.375092
0.09819868,0.6967226,3.581669
0.0910191,0.5145048,3.643788
0.07077424,0.3231384,3.673581
0.05871098,0.1832713,3.6857260000000003
0.34238379999999996,0.676697,3.3403690000000004
0.2890719,0.5220522,3.211677
0.19774389999999997,0.6287701,3.229894
0.1410369,0.6955401,3.239625
0.15655479999999994,0.2049319,3.6011919999999997
0.17772249999999998,-0.1158986,3.723466
0.21873539999999997,-0.4507608,3.8634410000000003
0.1451654,-0.5130179,3.772188
0.2572259,0.19983270000000009,3.5201279999999997
0.3258432,-0.13684749999999998,3.588661
0.36370749999999996,-0.4853717000000001,3.7172080000000003
0.3245407,-0.5506445,3.7454980000000004
0.2312518,0.7008107,3.4230370000000003
0.0542134,0.12187750000000001,3.6924550000000003
0.07901553,0.1656545,3.640143
0.11043110000000002,0.7580719,3.255087
0.14675839999999998,0.7176226,3.236857
0.22215520000000002,0.490576,3.501037
0.2346532,0.7690484999999999,3.398193
0.1978432,0.86392,3.378246
0.09804247,0.6964501000000001,3.581749
0.09056918,0.5141287,3.643607
0.06927151,0.3224147,3.671237
0.05530269,0.17430410000000002,3.684229
0.3452167,0.6748269,3.3431059999999997
0.297453,0.5129103,3.222167
0.1650369,0.6506909000000001,3.247859
0.11442999999999999,0.7215126999999999,3.262514
0.1566558,0.2060452,3.599375
0.1772654,-0.11377830000000001,3.7236730000000002
0.21934189999999998,-0.44856409999999997,3.8636790000000003
0.1464707,-0.5108899,3.771603
0.2581109,0.20053429999999997,3.5204699999999995
0.3253438,-0.1370696,3.587106
0.3639766,-0.4856960999999999,3.7174699999999996
0.32484650000000004,-0.5513343,3.742
0.2318886,0.7005399999999999,3.425761
0.06086805,0.1123287,3.6925269999999997
0.07955018,0.17821170000000006,3.6417940000000004
0.1545106,0.7886688000000001,3.2940199999999997
0.1665557,0.7706076,3.2782
0.2235741,0.4908972,3.5025410000000003
0.23779270000000002,0.7673536999999999,3.402791000000001
0.2006467,0.8617244000000001,3.3825540000000003
0.09811149,0.6961474,3.5816559999999997
0.09056254,0.5136090999999999,3.643017
0.06799446,0.3221574,3.6712029999999998
0.05099044,0.16881600000000002,3.683188
0.3510366,0.6711539000000001,3.3464199999999997
0.3323417,0.48666149999999997,3.25788
0.17799620000000002,0.6047937,3.249168
0.10356220000000001,0.6565704000000001,3.246413
0.1568807,0.2073437,3.598836
0.1773181,-0.11245250000000001,3.7232410000000002
0.2189611,-0.4480267,3.8635550000000003
0.14722760000000001,-0.5104253,3.7701860000000003
0.2593806,0.2022827,3.5204199999999997
0.3255498,-0.13524229999999998,3.588031
0.3638012,-0.4862979,3.7177480000000003
0.3248248,-0.5510963000000001,3.740814
0.2344786,0.6994942,3.429507
0.05416439,0.1015947,3.689457
0.07878506,0.17706470000000002,3.6435779999999998
0.06030234,0.6839278,3.2637549999999997
0.112978,0.6704473000000001,3.24675
0.22402289999999997,0.4911102,3.502883
0.2383091,0.7670485,3.403461
0.20205379999999998,0.8624179,3.3838699999999995
0.09794699,0.6958632,3.581085
0.08986715,0.5131985,3.6421099999999997
0.06755999,0.3215634,3.6695589999999996
0.054443200000000004,0.2296258,3.67354
0.35230079999999997,0.6650646,3.3490510000000002
0.3397225,0.4746066,3.276007
0.16759770000000002,0.5658765,3.24687
0.09328408,0.6092901999999999,3.244333
0.1571361,0.2090937,3.5987410000000004
0.1776419,-0.11085,3.722899
0.22272519999999998,-0.4502659000000001,3.865683
0.1514941,-0.5127439,3.7717989999999997
0.2599198,0.203003,3.5195440000000002
0.32540290000000005,-0.13433370000000006,3.5881800000000004
0.36397270000000004,-0.4864495,3.7176169999999997
0.32387459999999996,-0.5519001,3.741032
0.2349744000000001,0.6993081999999999,3.430138
0.04111373,0.16881110000000002,3.660747
0.09086008,0.210404,3.603429
0.04441537,0.6356074,3.26746
0.1030212,0.6080316,3.246334
0.2230444,0.49221049999999994,3.5052440000000002
0.2386462,0.7660818,3.405069
0.202764,0.8613871,3.3852349999999998
0.12110230000000001,0.7238015999999999,3.566732
0.09920102,0.5566646,3.5916989999999998
0.07474767,0.3697768,3.637239
0.05660132,0.2849044000000001,3.677166
0.3551472,0.6558076,3.3538870000000003
0.35204709999999995,0.4600403,3.3009980000000003
0.1646234,0.5062335,3.254962
0.08246087,0.5445138,3.2390779999999997
0.1527197,0.21816329999999998,3.604919
0.17774890000000002,-0.1054394,3.721479
0.22259310000000002,-0.450219,3.865157
0.1502892,-0.5123729,3.772179
0.25459570000000004,0.2067862,3.520716
0.32400409999999996,-0.1304951,3.5871779999999998
0.36354380000000003,-0.4869303,3.717423
0.3238149,-0.5520235,3.7408449999999998
0.23501689999999997,0.6987809,3.4318480000000005
0.04653516,0.2178872000000001,3.66351
0.07581661,0.21304389999999998,3.6239999999999997
0.03362156,0.561146,3.2457
0.06227075,0.5733720999999999,3.2382
0.2229931,0.49215829999999994,3.5054440000000002
0.2383429,0.7655605999999999,3.4056839999999995
0.20329149999999999,0.8614296,3.386057
0.1158608,0.7232323,3.5786800000000003
0.09524282,0.5551146,3.600235
0.07206505,0.3663908,3.640028
0.0613346,0.2869265,3.672305
0.3557694000000001,0.6535536999999999,3.355725
0.3598203,0.4553569000000001,3.3199910000000004
0.16523510000000002,0.455875,3.28094
0.07947312,0.4715678,3.241609
0.1528651,0.21821729999999998,3.60479
0.1762859,-0.10534539999999999,3.7216940000000003
0.22263539999999998,-0.45062979999999997,3.865101
0.149572,-0.5125801999999999,3.772819
0.2546403,0.2066221,3.5203919999999997
0.32270659999999995,-0.1302962,3.588829
0.36360790000000004,-0.4871741,3.717456
0.32315259999999996,-0.5521098000000001,3.740534
0.2347714,0.6983749,3.4324220000000003
0.05450168,0.2202259,3.670232
0.08959752,0.25452800000000003,3.58075
0.02442771,0.477146,3.23945
0.07212256,0.4883532999999999,3.23775
0.22273690000000002,0.4920959,3.5056529999999997
0.2380029,0.7655088000000001,3.406109
0.2035944,0.8615986999999999,3.386399
0.1166155,0.7215961999999999,3.572086
0.1063478,0.5387814999999999,3.632875
0.07424095,0.34796,3.657939
0.06157201,0.262034,3.6603529999999997
0.35611329999999997,0.6522231,3.3572879999999996
0.367284,0.4534022,3.339808
0.1926171,0.39555959999999996,3.2982150000000003
0.09855878,0.3973888,3.256129
0.15193470000000006,0.21734429999999996,3.603612000000002
0.1763662,-0.1056373,3.7214959999999997
0.2226461,-0.4490257,3.8642550000000004
0.15082779999999998,-0.5112810999999999,3.770799
0.2546651,0.2065139,3.520381
0.3228023,-0.13048479999999998,3.5885260000000003
0.36411940000000004,-0.4866727,3.717508
0.3279818,-0.5527833000000001,3.7423260000000003
0.2344239,0.6983010000000001,3.4328489999999996
0.04648701,0.19840739999999998,3.658236
0.09133589,0.2368598,3.5846669999999996
0.04647266,0.3931111,3.238938
0.05856053,0.4157267,3.221125
0.222685,0.4920212000000001,3.5059440000000004
0.2381738,0.76575,3.406457
0.2040583,0.8623556,3.3871860000000003
0.11610919999999998,0.7214716999999999,3.573006
0.10588610000000001,0.5386605999999999,3.633803
0.07345589,0.34785900000000003,3.6586819999999998
0.05714002,0.24343420000000002,3.673724
0.3563833,0.6504456000000001,3.3597629999999996
0.3716954,0.45220829999999995,3.353249
0.2090763,0.3438742,3.315443
0.1152187,0.3256505,3.278567
0.1514991,0.2159494,3.602706
0.17622979999999994,-0.1062143,3.722125
0.2218592,-0.4475383,3.8635699999999997
0.15037070000000002,-0.5098550999999999,3.7697870000000004
0.2543895,0.20569139999999997,3.521139
0.3230915,-0.1313308,3.5888150000000003
0.364252,-0.48654529999999996,3.717407
0.3276272,-0.5527738,3.744212
0.2345243,0.6984375,3.4332
0.05298582,0.1960519,3.645514
0.0733817,0.2007295,3.625
0.06485483,0.31014959999999997,3.2553360000000002
0.09839007,0.34159259999999997,3.259923
0.22117179999999997,0.4911816,3.510534
0.238371,0.7654368,3.4067849999999997
0.20462239999999998,0.8627031,3.3881059999999996
0.1120066,0.7192046999999999,3.5778529999999997
0.1019212,0.5364116,3.638661
0.06888369,0.345648,3.663128
0.05480414,0.21655320000000008,3.6552339999999997
0.3560977,0.6497632,3.361072
0.3716761,0.45206759999999996,3.361791
0.23468440000000002,0.3105618,3.3388370000000003
0.13107829999999998,0.24807310000000002,3.310757
0.1479437,0.2153409,3.609086
0.1759811,-0.10864469999999997,3.7242629999999997
0.22387039999999997,-0.4473838,3.8651050000000002
0.1524679,-0.5099057,3.771428
0.2470592,0.2023755,3.5388580000000003
0.3238136,-0.1372634,3.5918669999999997
0.3635723,-0.48723479999999997,3.718486
0.3275008,-0.5528976,3.7445449999999996
0.23456269999999999,0.6979886,3.4341209999999998
0.05261246,0.1882126,3.646515
0.07241169,0.1996187,3.6215839999999995
0.07121558,0.2274527,3.295125
0.1259498,0.2477917,3.270572
0.2189939,0.4917178,3.514204
0.2383669,0.7654510999999999,3.406764
0.2055172,0.8636709,3.388757
0.1108646,0.7185768,3.577949
0.09502772,0.5311604,3.6261550000000002
0.06746728,0.3398509,3.6522120000000013
0.05942907,0.2507674,3.661231
0.3560278,0.6491114,3.361118
0.369948,0.4515492999999999,3.3646239999999996
0.2632158,0.28567990000000004,3.3487940000000003
0.2314931,0.23766679999999996,3.3700010000000002
0.1378456,0.21882179999999998,3.623015
0.1753142,-0.1100787,3.7256669999999996
0.2232565,-0.44639890000000004,3.863946
0.1520591,-0.5091251,3.770255
0.2452741,0.2019884,3.543746
0.3241312,-0.1386262,3.5913239999999997
0.3639078,-0.4884002000000001,3.718079
0.3243647,-0.5524161999999999,3.741538
0.23438009999999998,0.6980559000000001,3.4343779999999997
0.05256009,0.1880817,3.644015
0.07173513,0.1964572,3.6189839999999998
0.1597145,0.1725029,3.3085720000000003
0.22652979999999998,0.2419863,3.307401
0.2185369,0.49111289999999996,3.513349
0.2382241,0.7654601,3.406563
0.206331,0.8645825,3.389167
0.1089537,0.7168265,3.578064
0.09304046,0.5288636999999999,3.624679
0.06710848,0.3373804,3.6509669999999996
0.05913554,0.24940489999999998,3.6565779999999997
0.3553243,0.6481649,3.3614800000000002
0.36646009999999996,0.45058459999999995,3.366657
0.2985018,0.26549090000000003,3.357996
0.25946420000000003,0.1996346,3.388311
0.1376545,0.2159646,3.6162330000000003
0.1749965,-0.1103072,3.724611
0.22273049999999997,-0.44544079999999997,3.863436
0.15172320000000006,-0.508016,3.7693489999999996
0.2462416,0.19742679999999999,3.536969
0.3248089000000001,-0.1412681,3.5915779999999997
0.3638707000000001,-0.48833809999999994,3.717737
0.32363390000000003,-0.552254,3.7397199999999997
0.23416109999999998,0.6979882,3.434217
0.04638296,0.1879674,3.649793
0.08927561,0.2243551,3.56775
0.2125133,0.1261197,3.34657
0.21303899999999998,0.22663760000000002,3.411667
